sort,taxonID,scientificName,taxonRank,taxonomicStatus,acceptedNameUsageID,kingdom,phylum,class,order,family,genus,specificEpithet,infraspecificEpithet,parentNameUsageID,originalNameUsageID,scientificNameAuthorship,vernacularName,input,notes,original.search,distance
2385,GBIF:5348711,Abrus precatorius,species,accepted,GBIF:5348711,Plantae,Tracheophyta,Magnoliopsida,Fabales,Fabaceae,Abrus,precatorius,,2943776,,L.,雞母珠;美麗相思子,Abrus precatorius,|check +1 accepted,Abrus precatorius,0
6745,GBIF:2900865,Cordia,genus,accepted,GBIF:2900865,Plantae,Tracheophyta,Magnoliopsida,Boraginales,Ehretiaceae,Cordia,,,4923856,,L.,,Cordia,|check +1 accepted,Cordia,0
6850,GBIF:2874105,Casearia,genus,accepted,GBIF:2874105,Plantae,Tracheophyta,Magnoliopsida,Malpighiales,Salicaceae,Casearia,,,6664,,Jacq.,,Casearia,|check +1 accepted,Casearia,0
7276,GBIF:2944960,Hirtella,genus,accepted,GBIF:2944960,Plantae,Tracheophyta,Magnoliopsida,Malpighiales,Chrysobalanaceae,Hirtella,,,9111,,L.,,Hirtella,|check +1 accepted,Hirtella,0
7399,GBIF:7548631,Pterolepis parnassiifolia piatensis,subspecies,accepted,GBIF:7548631,Plantae,Tracheophyta,Magnoliopsida,Myrtales,Melastomataceae,Pterolepis,parnassiifolia,piatensis,3866381,,Renner,,Pterolepis parnassiifolia piatensis,|check +1 accepted,Pterolepis parnassiifolia piatensis,0
7829,GBIF:3171840,Ruellia,genus,accepted,GBIF:3171840,Plantae,Tracheophyta,Magnoliopsida,Lamiales,Acanthaceae,Ruellia,,,2393,,L.,wild petunia,Ruellia,|check +1 accepted,Ruellia,0
7851,GBIF:7224736,Eriosema campestre campestre,variety,accepted,GBIF:7224736,Plantae,Tracheophyta,Magnoliopsida,Fabales,Fabaceae,Eriosema,campestre,campestre,5349126,,,,Eriosema campestre campestre,|check +1 accepted,Eriosema campestre campestre,0
7902,GBIF:8844024,Banisteriopsis malifolia malifolia,subspecies,accepted,GBIF:8844024,Plantae,Tracheophyta,Magnoliopsida,Malpighiales,Malpighiaceae,Banisteriopsis,malifolia,malifolia,7285536,,,,Banisteriopsis malifolia malifolia,|check +1 accepted,Banisteriopsis malifolia malifolia,0
8094,GBIF:2705320,Eriochrysis,genus,accepted,GBIF:2705320,Plantae,Tracheophyta,Liliopsida,Poales,Poaceae,Eriochrysis,,,3073,,P.Beauv.,moco de pavo,Eriochrysis,|check +1 accepted,Eriochrysis,0
8121,GBIF:5938221,Fuchsia,genus,accepted,GBIF:5938221,Plantae,Tracheophyta,Magnoliopsida,Myrtales,Onagraceae,Fuchsia,,,2430,,L.,fuchsior,Fuchsia,|check +1 accepted,Fuchsia,0
8250,GBIF:7545884,Passiflora foetida hispida,variety,accepted,GBIF:7545884,Plantae,Tracheophyta,Magnoliopsida,Malpighiales,Passifloraceae,Passiflora,foetida,hispida,2874211,3587701,Killip ex Gleason (DC. ex Triana & Planchon),,Passiflora foetida hispida,|check +1 accepted,Passiflora foetida hispida,0
8315,GBIF:2911655,Randia,genus,accepted,GBIF:2911655,Plantae,Tracheophyta,Magnoliopsida,Gentianales,Rubiaceae,Randia,,,8798,,L.,indigoberry,Randia,|check +1 accepted,Randia,0
8406,GBIF:2947992,Rhynchosia,genus,accepted,GBIF:2947992,Plantae,Tracheophyta,Magnoliopsida,Fabales,Fabaceae,Rhynchosia,,,5386,,Lour.,snoutbean,Rhynchosia,|check +1 accepted,Rhynchosia,0
8454,GBIF:3152100,Sida,genus,accepted,GBIF:3152100,Plantae,Tracheophyta,Magnoliopsida,Malvales,Malvaceae,Sida,,,6685,,L.,wireweed,Sida,|check +1 accepted,Sida,0
8473,GBIF:2965936,Inga,genus,accepted,GBIF:2965936,Plantae,Tracheophyta,Magnoliopsida,Fabales,Fabaceae,Inga,,,5386,,Mill.,,Inga,|check +1 accepted,Inga,0
8530,GBIF:7067453,Eriosema crinitum crinitum,variety,accepted,GBIF:7067453,Plantae,Tracheophyta,Magnoliopsida,Fabales,Fabaceae,Eriosema,crinitum,crinitum,5349020,,,,Eriosema crinitum crinitum,|check +1 accepted,Eriosema crinitum crinitum,0
8599,GBIF:7309965,Trigonia nivea nivea,form,accepted,GBIF:7309965,Plantae,Tracheophyta,Magnoliopsida,Malpighiales,Trigoniaceae,Trigonia,nivea,nivea,7309957,,,,Trigonia nivea nivea,|check +1 accepted,Trigonia nivea nivea,0
8657,GBIF:7782708,Arachis hypogaea fastigiata,variety,accepted,GBIF:7782708,Plantae,Tracheophyta,Magnoliopsida,Fabales,Fabaceae,Arachis,hypogaea,fastigiata,5353770,,Waldron,,Arachis hypogaea fastigiata,|check +1 accepted,Arachis hypogaea fastigiata,0
8738,GBIF:3234753,Asemeia,genus,accepted,GBIF:3234753,Plantae,Tracheophyta,Magnoliopsida,Fabales,Polygalaceae,Asemeia,,,2417,,Raf.,,Asemeia,|check +1 accepted,Asemeia,0
8801,GBIF:2704525,Digitaria,genus,accepted,GBIF:2704525,Plantae,Tracheophyta,Liliopsida,Poales,Poaceae,Digitaria,,,3073,,Haller,fingerhirser,Digitaria,|check +1 accepted,Digitaria,0
9070,GBIF:2956684,Arachis,genus,accepted,GBIF:2956684,Plantae,Tracheophyta,Magnoliopsida,Fabales,Fabaceae,Arachis,,,5386,,L.,peanut,Arachis,|check +1 accepted,Arachis,0
9278,GBIF:7224573,Copaifera langsdorffii langsdorffii,variety,accepted,GBIF:7224573,Plantae,Tracheophyta,Magnoliopsida,Fabales,Fabaceae,Copaifera,langsdorffii,langsdorffii,2978171,,,,Copaifera langsdorffii langsdorffii,|check +1 accepted,Copaifera langsdorffii langsdorffii,0
9345,GBIF:2731030,Becquerelia,genus,accepted,GBIF:2731030,Plantae,Tracheophyta,Liliopsida,Poales,Cyperaceae,Becquerelia,,,7708,,Brongn.,,Becquerelia,|check +1 accepted,Becquerelia,0
9448,GBIF:2650111,Polypodium,genus,accepted,GBIF:2650111,Plantae,Tracheophyta,Polypodiopsida,Polypodiales,Polypodiaceae,Polypodium,,,2368,,L.,Tüpfelfarn,Polypodium,|check +1 accepted,Polypodium,0
9502,GBIF:9714684,Hymenopus,genus,accepted,GBIF:9714684,Plantae,Tracheophyta,Magnoliopsida,Malpighiales,Chrysobalanaceae,Hymenopus,,,9111,,Sothers & Prance (Benth.),,Hymenopus,|check +1 accepted,Hymenopus,0
9555,GBIF:2874506,Cucurbita,genus,accepted,GBIF:2874506,Plantae,Tracheophyta,Magnoliopsida,Cucurbitales,Cucurbitaceae,Cucurbita,,,6634,,L.,squashes,Cucurbita,|check +1 accepted,Cucurbita,0
9730,GBIF:7271503,Cabralea canjerana canjerana,subspecies,accepted,GBIF:7271503,Plantae,Tracheophyta,Magnoliopsida,Sapindales,Meliaceae,Cabralea,canjerana,canjerana,7271502,,,trompillo macho,Cabralea canjerana canjerana,|check +1 accepted,Cabralea canjerana canjerana,0
9849,GBIF:7286786,Protium heptaphyllum heptaphyllum,variety,accepted,GBIF:7286786,Plantae,Tracheophyta,Magnoliopsida,Sapindales,Burseraceae,Protium,heptaphyllum,heptaphyllum,7286785,,,,Protium heptaphyllum heptaphyllum,|check +1 accepted,Protium heptaphyllum heptaphyllum,0
9849,GBIF:8762304,Protium heptaphyllum heptaphyllum,form,accepted,GBIF:8762304,Plantae,Tracheophyta,Magnoliopsida,Sapindales,Burseraceae,Protium,heptaphyllum,heptaphyllum,7286785,,,,Protium heptaphyllum heptaphyllum,|check +1 accepted,Protium heptaphyllum heptaphyllum,0
10090,GBIF:7225149,Vigna unguiculata unguiculata,subspecies,accepted,GBIF:7225149,Plantae,Tracheophyta,Magnoliopsida,Fabales,Fabaceae,Vigna,unguiculata,unguiculata,2982583,,Walp. (L.),Yard-long Bean,Vigna unguiculata unguiculata,|check +1 accepted,Vigna unguiculata unguiculata,0
10173,GBIF:7268854,Esenbeckia grandiflora grandiflora,variety,accepted,GBIF:7268854,Plantae,Tracheophyta,Magnoliopsida,Sapindales,Rutaceae,Esenbeckia,grandiflora,grandiflora,7268853,,,Yellow Gasparee,Esenbeckia grandiflora grandiflora,|check +1 accepted,Esenbeckia grandiflora grandiflora,0
10191,GBIF:2705466,Olyra,genus,accepted,GBIF:2705466,Plantae,Tracheophyta,Liliopsida,Poales,Poaceae,Olyra,,,3073,,L.,carrycillo,Olyra,|check +1 accepted,Olyra,0
10236,GBIF:7278542,Bauhinia forficata forficata,variety,accepted,GBIF:7278542,Plantae,Tracheophyta,Magnoliopsida,Fabales,Fabaceae,Bauhinia,forficata,forficata,2953861,,,,Bauhinia forficata forficata,|check +1 accepted,Bauhinia forficata forficata,0
10248,GBIF:2960439,Ormosia,genus,accepted,GBIF:2960439,Plantae,Tracheophyta,Magnoliopsida,Fabales,Fabaceae,Ormosia,,,5386,,Jacks.,,Ormosia,|check +1 accepted,Ormosia,0
10376,GBIF:8952933,Senna macranthera nervosa,subspecies,accepted,GBIF:8952933,Plantae,Tracheophyta,Magnoliopsida,Fabales,Fabaceae,Senna,macranthera,nervosa,2957977,,H.S.Irwin & Barneby (Vogel),,Senna macranthera nervosa,|check +1 accepted,Senna macranthera nervosa,0
10377,GBIF:7324656,Triticum aestivum aestivum,variety,accepted,GBIF:7324656,Plantae,Tracheophyta,Liliopsida,Poales,Poaceae,Triticum,aestivum,aestivum,7795888,,,,Triticum aestivum aestivum,|check +1 accepted,Triticum aestivum aestivum,0
10500,GBIF:4190194,Peperomia hispidula sellowiana,variety,accepted,GBIF:4190194,Plantae,Tracheophyta,Magnoliopsida,Piperales,Piperaceae,Peperomia,hispidula,sellowiana,7305892,,Dahlst.,,Peperomia hispidula sellowiana,|check +1 accepted,Peperomia hispidula sellowiana,0
10591,GBIF:2896652,Alibertia,genus,accepted,GBIF:2896652,Plantae,Tracheophyta,Magnoliopsida,Gentianales,Rubiaceae,Alibertia,,,8798,,A.Rich. ex DC.,,Alibertia,|check +1 accepted,Alibertia,0
10811,GBIF:3794817,Mimosa acutistipula ferrea,variety,accepted,GBIF:3794817,Plantae,Tracheophyta,Magnoliopsida,Fabales,Fabaceae,Mimosa,acutistipula,ferrea,2969280,,Barneby,Jureminha,Mimosa acutistipula ferrea,|check +1 accepted,Mimosa acutistipula ferrea,0
10873,GBIF:7330062,Symphonia globulifera globulifera,variety,accepted,GBIF:7330062,Plantae,Tracheophyta,Magnoliopsida,Malpighiales,Clusiaceae,Symphonia,globulifera,globulifera,8185162,,,,Symphonia globulifera globulifera,|check +1 accepted,Symphonia globulifera globulifera,0
10968,GBIF:7229285,Lindsaea quadrangularis quadrangularis,subspecies,accepted,GBIF:7229285,Plantae,Tracheophyta,Polypodiopsida,Polypodiales,Lindsaeaceae,Lindsaea,quadrangularis,quadrangularis,2650767,,,,Lindsaea quadrangularis quadrangularis,|check +1 accepted,Lindsaea quadrangularis quadrangularis,0
10972,GBIF:5288504,Pitcairnia flammea floccosa,variety,accepted,GBIF:5288504,Plantae,Tracheophyta,Liliopsida,Poales,Bromeliaceae,Pitcairnia,flammea,floccosa,5288483,,L.B.Sm.,,Pitcairnia flammea floccosa,|check +1 accepted,Pitcairnia flammea floccosa,0
11076,GBIF:8951366,Mimosa gemmulata gemmulata,subspecies,accepted,GBIF:8951366,Plantae,Tracheophyta,Magnoliopsida,Fabales,Fabaceae,Mimosa,gemmulata,gemmulata,2969768,,,,Mimosa gemmulata gemmulata,|check +1 accepted,Mimosa gemmulata gemmulata,0
11264,GBIF:2985823,Crassula,genus,accepted,GBIF:2985823,Plantae,Tracheophyta,Magnoliopsida,Saxifragales,Crassulaceae,Crassula,,,2406,,L.,pygmyweed,Crassula,|check +1 accepted,Crassula,0
11389,GBIF:7304815,Ottonia,genus,accepted,GBIF:7304815,Plantae,Tracheophyta,Magnoliopsida,Piperales,Piperaceae,Ottonia,,,6678,,Spreng.,,Ottonia,|check +1 accepted,Ottonia,0
11403,GBIF:6376691,Senna silvestris bifaria,variety,accepted,GBIF:6376691,Plantae,Tracheophyta,Magnoliopsida,Fabales,Fabaceae,Senna,silvestris,bifaria,2958026,,H.S.Irwin & Barneby,,Senna silvestris bifaria,|check +1 accepted,Senna silvestris bifaria,0
11480,GBIF:7304861,Piper arboreum arboreum,subspecies,accepted,GBIF:7304861,Plantae,Tracheophyta,Magnoliopsida,Piperales,Piperaceae,Piper,arboreum,arboreum,7304860,,,Ambaibillo,Piper arboreum arboreum,|check +1 accepted,Piper arboreum arboreum,0
11480,GBIF:7304873,Piper arboreum arboreum,variety,accepted,GBIF:7304873,Plantae,Tracheophyta,Magnoliopsida,Piperales,Piperaceae,Piper,arboreum,arboreum,7304860,,,Jaborandi-pimenta,Piper arboreum arboreum,|check +1 accepted,Piper arboreum arboreum,0
11487,GBIF:7224632,Mimosa hypoglauca hypoglauca,variety,accepted,GBIF:7224632,Plantae,Tracheophyta,Magnoliopsida,Fabales,Fabaceae,Mimosa,hypoglauca,hypoglauca,2969342,,,,Mimosa hypoglauca hypoglauca,|check +1 accepted,Mimosa hypoglauca hypoglauca,0
11495,GBIF:5355184,Poiretia,genus,accepted,GBIF:5355184,Plantae,Tracheophyta,Magnoliopsida,Fabales,Fabaceae,Poiretia,,,5386,,Vent.,,Poiretia,|check +1 accepted,Poiretia,0
11570,GBIF:3229332,Melpomene,genus,accepted,GBIF:3229332,Plantae,Tracheophyta,Polypodiopsida,Polypodiales,Polypodiaceae,Melpomene,,,2368,,A.R.Sm. & R.C.Moran,dwarf polypody,Melpomene,|check +1 accepted,Melpomene,0
11603,GBIF:3231310,Anthodiscus,genus,accepted,GBIF:3231310,Plantae,Tracheophyta,Magnoliopsida,Malpighiales,Caryocaraceae,Anthodiscus,,,6647,,G.Mey.,,Anthodiscus,|check +1 accepted,Anthodiscus,0
11780,GBIF:2654612,Mesophyllum,genus,accepted,GBIF:2654612,Plantae,Rhodophyta,Florideophyceae,Corallinales,Hapalidiaceae,Mesophyllum,,,4376199,,"Me.Lemoine, 1928",エダウチイシモ,Mesophyllum,|check +1 accepted,Mesophyllum,0
12181,GBIF:9199532,Pityrogramma calomelanos calomelanos,form,accepted,GBIF:9199532,Plantae,Tracheophyta,Polypodiopsida,Polypodiales,Pteridaceae,Pityrogramma,calomelanos,calomelanos,2651790,,,,Pityrogramma calomelanos calomelanos,|check +1 accepted,Pityrogramma calomelanos calomelanos,0
12261,GBIF:2673509,Dicranella,genus,accepted,GBIF:2673509,Plantae,Bryophyta,Bryopsida,Dicranales,Dicranaceae,Dicranella,,,4635,,Schimp. (Müll.Hal.),pluisjesmos,Dicranella,|check +1 accepted,Dicranella,0
12355,GBIF:7293580,Polygala harleyi harleyi,variety,accepted,GBIF:7293580,Plantae,Tracheophyta,Magnoliopsida,Fabales,Polygalaceae,Polygala,harleyi,harleyi,7293579,,,,Polygala harleyi harleyi,|check +1 accepted,Polygala harleyi harleyi,0
12494,GBIF:2688754,Radula,genus,accepted,GBIF:2688754,Plantae,Marchantiophyta,Jungermanniopsida,Porellales,Radulaceae,Radula,,,2266,,Dumort.,schijfjesmos,Radula,|check +1 accepted,Radula,0
12511,GBIF:8073766,Janusia,genus,accepted,GBIF:8073766,Plantae,Tracheophyta,Magnoliopsida,Malpighiales,Malpighiaceae,Janusia,,,6676,,A.Juss.,,Janusia,|check +1 accepted,Janusia,0
12647,GBIF:7323226,Alternanthera brasiliana brasiliana,variety,accepted,GBIF:7323226,Plantae,Tracheophyta,Magnoliopsida,Caryophyllales,Amaranthaceae,Alternanthera,brasiliana,brasiliana,3084934,,,,Alternanthera brasiliana brasiliana,|check +1 accepted,Alternanthera brasiliana brasiliana,0
12647,GBIF:7473389,Alternanthera brasiliana brasiliana,form,accepted,GBIF:7473389,Plantae,Tracheophyta,Magnoliopsida,Caryophyllales,Amaranthaceae,Alternanthera,brasiliana,brasiliana,3084934,,,,Alternanthera brasiliana brasiliana,|check +1 accepted,Alternanthera brasiliana brasiliana,0
12746,GBIF:3745448,Hirtella racemosa hispida,variety,accepted,GBIF:3745448,Plantae,Tracheophyta,Magnoliopsida,Malpighiales,Chrysobalanaceae,Hirtella,racemosa,hispida,2985122,,Prance,,Hirtella racemosa hispida,|check +1 accepted,Hirtella racemosa hispida,0
12892,GBIF:2933939,Pterodon,genus,accepted,GBIF:2933939,Plantae,Tracheophyta,Magnoliopsida,Fabales,Fabaceae,Pterodon,,,5386,,Vogel,,Pterodon,|check +1 accepted,Pterodon,0
12930,GBIF:7225517,Inga nobilis nobilis,variety,accepted,GBIF:7225517,Plantae,Tracheophyta,Magnoliopsida,Fabales,Fabaceae,Inga,nobilis,nobilis,5357519,,,,Inga nobilis nobilis,|check +1 accepted,Inga nobilis nobilis,0
12988,GBIF:9042975,Paepalanthus mollis mollis,subspecies,accepted,GBIF:9042975,Plantae,Tracheophyta,Liliopsida,Poales,Eriocaulaceae,Paepalanthus,mollis,mollis,5287171,,,,Paepalanthus mollis mollis,|check +1 accepted,Paepalanthus mollis mollis,0
13029,GBIF:8863669,Aechmea ramosa ramosa,subspecies,accepted,GBIF:8863669,Plantae,Tracheophyta,Liliopsida,Poales,Bromeliaceae,Aechmea,ramosa,ramosa,2697815,,,,Aechmea ramosa ramosa,|check +1 accepted,Aechmea ramosa ramosa,0
13167,GBIF:3155252,Annona,genus,accepted,GBIF:3155252,Plantae,Tracheophyta,Magnoliopsida,Magnoliales,Annonaceae,Annona,,,9291,,L.,annonor,Annona,|check +1 accepted,Annona,0
13248,GBIF:8232714,Richardia,genus,accepted,GBIF:8232714,Plantae,Tracheophyta,Magnoliopsida,Gentianales,Rubiaceae,Richardia,,,8798,,L.,Mexican clover,Richardia,|check +1 accepted,Richardia,0
13255,GBIF:2973363,Trifolium,genus,accepted,GBIF:2973363,Plantae,Tracheophyta,Magnoliopsida,Fabales,Fabaceae,Trifolium,,,5386,,L.,Конюшина,Trifolium,|check +1 accepted,Trifolium,0
13259,GBIF:2882656,Agarista,genus,accepted,GBIF:2882656,Plantae,Tracheophyta,Magnoliopsida,Ericales,Ericaceae,Agarista,,,2505,,D.Don ex G.Don,pipe-stem wood,Agarista,|check +1 accepted,Agarista,0
13316,GBIF:2960738,Plathymenia,genus,accepted,GBIF:2960738,Plantae,Tracheophyta,Magnoliopsida,Fabales,Fabaceae,Plathymenia,,,5386,,Benth.,,Plathymenia,|check +1 accepted,Plathymenia,0
13402,GBIF:2689517,Metzgeria,genus,accepted,GBIF:2689517,Plantae,Marchantiophyta,Jungermanniopsida,Metzgeriales,Metzgeriaceae,Metzgeria,,,2274,,Raddi,boomvorkje,Metzgeria,|check +1 accepted,Metzgeria,0
13439,GBIF:7286361,Diplusodon punctatus punctatus,variety,accepted,GBIF:7286361,Plantae,Tracheophyta,Magnoliopsida,Myrtales,Lythraceae,Diplusodon,punctatus,punctatus,7286360,,,,Diplusodon punctatus punctatus,|check +1 accepted,Diplusodon punctatus punctatus,0
13479,GBIF:2706043,Heteropogon,genus,accepted,GBIF:2706043,Plantae,Tracheophyta,Liliopsida,Poales,Poaceae,Heteropogon,,,3073,,Pers.,tanglehead grass,Heteropogon,|check +1 accepted,Heteropogon,0
13503,GBIF:8857110,Mimosa gracilis brevissima,subspecies,accepted,GBIF:8857110,Plantae,Tracheophyta,Magnoliopsida,Fabales,Fabaceae,Mimosa,gracilis,brevissima,2969402,,Barneby,,Mimosa gracilis brevissima,|check +1 accepted,Mimosa gracilis brevissima,0
13504,GBIF:3233956,Mollia,genus,accepted,GBIF:3233956,Plantae,Tracheophyta,Magnoliopsida,Malvales,Malvaceae,Mollia,,,6685,,Mart.,,Mollia,|check +1 accepted,Mollia,0
13562,GBIF:2637982,Chara,genus,accepted,GBIF:2637982,Plantae,Charophyta,Charophyceae,Charales,Characeae,Chara,,,8782,,"Linnaeus, 1753",sträfsen,Chara,|check +1 accepted,Chara,0
13568,GBIF:8802971,Miconia tristis tristis,variety,accepted,GBIF:8802971,Plantae,Tracheophyta,Magnoliopsida,Myrtales,Melastomataceae,Miconia,tristis,tristis,7601120,,,,Miconia tristis tristis,|check +1 accepted,Miconia tristis tristis,0
13569,GBIF:2943936,Parkia,genus,accepted,GBIF:2943936,Plantae,Tracheophyta,Magnoliopsida,Fabales,Fabaceae,Parkia,,,5386,,R.Br.,,Parkia,|check +1 accepted,Parkia,0
13780,GBIF:9048273,Mimosa aurivillus aurivillus,subspecies,accepted,GBIF:9048273,Plantae,Tracheophyta,Magnoliopsida,Fabales,Fabaceae,Mimosa,aurivillus,aurivillus,2969820,,,,Mimosa aurivillus aurivillus,|check +1 accepted,Mimosa aurivillus aurivillus,0
13804,GBIF:8723184,Mimosa hirsutissima hirsutissima,subspecies,accepted,GBIF:8723184,Plantae,Tracheophyta,Magnoliopsida,Fabales,Fabaceae,Mimosa,hirsutissima,hirsutissima,2969510,,,,Mimosa hirsutissima hirsutissima,|check +1 accepted,Mimosa hirsutissima hirsutissima,0
13835,GBIF:8983116,Chamaecrista desvauxii graminea,subspecies,accepted,GBIF:8983116,Plantae,Tracheophyta,Magnoliopsida,Fabales,Fabaceae,Chamaecrista,desvauxii,graminea,2949909,,Irwin & Barneby,,Chamaecrista desvauxii graminea,|check +1 accepted,Chamaecrista desvauxii graminea,0
13880,GBIF:7225424,Senna multijuga multijuga,subspecies,accepted,GBIF:7225424,Plantae,Tracheophyta,Magnoliopsida,Fabales,Fabaceae,Senna,multijuga,multijuga,2957158,8266048,,,Senna multijuga multijuga,|check +1 accepted,Senna multijuga multijuga,0
13890,GBIF:7335166,Hirtella racemosa racemosa,variety,accepted,GBIF:7335166,Plantae,Tracheophyta,Magnoliopsida,Malpighiales,Chrysobalanaceae,Hirtella,racemosa,racemosa,2985122,,,,Hirtella racemosa racemosa,|check +1 accepted,Hirtella racemosa racemosa,0
13986,GBIF:8132959,Syrrhopodon prolifer prolifer,variety,accepted,GBIF:8132959,Plantae,Bryophyta,Bryopsida,Pottiales,Calymperaceae,Syrrhopodon,prolifer,prolifer,2670298,,,,Syrrhopodon prolifer prolifer,|check +1 accepted,Syrrhopodon prolifer prolifer,0
14001,GBIF:3796297,Mimosa pseudoradula detonsa,variety,accepted,GBIF:3796297,Plantae,Tracheophyta,Magnoliopsida,Fabales,Fabaceae,Mimosa,pseudoradula,detonsa,7266229,,Barneby,,Mimosa pseudoradula detonsa,|check +1 accepted,Mimosa pseudoradula detonsa,0
14074,GBIF:7320164,Humiria balsamifera balsamifera,form,accepted,GBIF:7320164,Plantae,Tracheophyta,Magnoliopsida,Malpighiales,Humiriaceae,Humiria,balsamifera,balsamifera,8196855,,,,Humiria balsamifera balsamifera,|check +1 accepted,Humiria balsamifera balsamifera,0
14095,GBIF:3172168,Linaria,genus,accepted,GBIF:3172168,Plantae,Tracheophyta,Magnoliopsida,Lamiales,Plantaginaceae,Linaria,,,2420,,Mill.,toadflaxes,Linaria,|check +1 accepted,Linaria,0
14116,GBIF:8994495,Trichocline catharinensis discolor,subspecies,accepted,GBIF:8994495,Plantae,Tracheophyta,Magnoliopsida,Asterales,Asteraceae,Trichocline,catharinensis,discolor,3125963,,Cabrera,,Trichocline catharinensis discolor,|check +1 accepted,Trichocline catharinensis discolor,0
14190,GBIF:7230627,Caulerpa racemosa racemosa,form,accepted,GBIF:7230627,Plantae,Chlorophyta,Ulvophyceae,Bryopsidales,Caulerpaceae,Caulerpa,racemosa,racemosa,2643093,,,,Caulerpa racemosa racemosa,|check +1 accepted,Caulerpa racemosa racemosa,0
14332,GBIF:2867803,Heteropsis,genus,accepted,GBIF:2867803,Plantae,Tracheophyta,Liliopsida,Alismatales,Araceae,Heteropsis,,,6979,,Kunth,,Heteropsis,|check +1 accepted,Heteropsis,0
14952,GBIF:2942716,Crotalaria pallida obovata,variety,accepted,GBIF:2942716,Plantae,Tracheophyta,Magnoliopsida,Fabales,Fabaceae,Crotalaria,pallida,obovata,8260433,2942717,Polhill (G.Don),smooth rattlebox,Crotalaria pallida obovata,|check +1 accepted,Crotalaria pallida obovata,0
15053,GBIF:5361932,Ficus benjamina,species,accepted,GBIF:5361932,Plantae,Tracheophyta,Magnoliopsida,Rosales,Moraceae,Ficus,benjamina,,2984588,,L.,垂榕;白榕;白肉榕,Ficus benjamina,|check +1 accepted,Ficus benjamina,0
15094,GBIF:9622925,Bryopsis pennata secunda,subspecies,accepted,GBIF:9622925,Plantae,Chlorophyta,Ulvophyceae,Bryopsidales,Bryopsidaceae,Bryopsis,pennata,secunda,5272060,,"Collins & Hervey, 1917 (Harvey)",偏列羽藻,Bryopsis pennata secunda,|check +1 accepted,Bryopsis pennata secunda,0
15176,GBIF:5361909,Ficus carica,species,accepted,GBIF:5361909,Plantae,Tracheophyta,Magnoliopsida,Rosales,Moraceae,Ficus,carica,,2984588,,L.,無花果,Ficus carica,|check +1 accepted,Ficus carica,0
15317,GBIF:3086569,Eclipta,genus,accepted,GBIF:3086569,Plantae,Tracheophyta,Magnoliopsida,Asterales,Asteraceae,Eclipta,,,3065,,L.,eclipta,Eclipta,|check +1 accepted,Eclipta,0
15345,GBIF:3863737,Miconia tristis australis,subspecies,accepted,GBIF:3863737,Plantae,Tracheophyta,Magnoliopsida,Myrtales,Melastomataceae,Miconia,tristis,australis,7601120,,Wurdack,,Miconia tristis australis,|check +1 accepted,Miconia tristis australis,0
15553,GBIF:8878950,Aechmea ramosa festiva,subspecies,accepted,GBIF:8878950,Plantae,Tracheophyta,Liliopsida,Poales,Bromeliaceae,Aechmea,ramosa,festiva,2697815,,L.B.Sm.,,Aechmea ramosa festiva,|check +1 accepted,Aechmea ramosa festiva,0
15574,GBIF:2947798,Phaseolus,genus,accepted,GBIF:2947798,Plantae,Tracheophyta,Magnoliopsida,Fabales,Fabaceae,Phaseolus,,,5386,,L.,wild bean,Phaseolus,|check +1 accepted,Phaseolus,0
15710,GBIF:7521361,Vesicularia,genus,accepted,GBIF:7521361,Plantae,Bryophyta,Bryopsida,Hypnales,Hypnaceae,Vesicularia,,,8751,,Müll.Hal. (Müll.Hal.),,Vesicularia,|check +1 accepted,Vesicularia,0
15917,GBIF:7347373,Aeschynomene americana americana,subspecies,accepted,GBIF:7347373,Plantae,Tracheophyta,Magnoliopsida,Fabales,Fabaceae,Aeschynomene,americana,americana,2949235,,,,Aeschynomene americana americana,|check +1 accepted,Aeschynomene americana americana,0
15934,GBIF:3091361,Jaegeria,genus,accepted,GBIF:3091361,Plantae,Tracheophyta,Magnoliopsida,Asterales,Asteraceae,Jaegeria,,,3065,,Kunth,,Jaegeria,|check +1 accepted,Jaegeria,0
16019,GBIF:2945830,Erythrina,genus,accepted,GBIF:2945830,Plantae,Tracheophyta,Magnoliopsida,Fabales,Fabaceae,Erythrina,,,5386,,L.,"coral-bean, coraltree",Erythrina,|check +1 accepted,Erythrina,0
16042,GBIF:3795359,Mimosa gracilis stipitata,variety,accepted,GBIF:3795359,Plantae,Tracheophyta,Magnoliopsida,Fabales,Fabaceae,Mimosa,gracilis,stipitata,2969402,,Barneby,,Mimosa gracilis stipitata,|check +1 accepted,Mimosa gracilis stipitata,0
16113,GBIF:7316225,Hydrolea spinosa spinosa,variety,accepted,GBIF:7316225,Plantae,Tracheophyta,Magnoliopsida,Solanales,Hydroleaceae,Hydrolea,spinosa,spinosa,2928286,,,Carqueja-do-pântano,Hydrolea spinosa spinosa,|check +1 accepted,Hydrolea spinosa spinosa,0
16426,GBIF:2721247,Rhynchospora pubera parvula,subspecies,accepted,GBIF:2721247,Plantae,Tracheophyta,Liliopsida,Poales,Cyperaceae,Rhynchospora,pubera,parvula,2721237,,W.W.Thomas,,Rhynchospora pubera parvula,|check +1 accepted,Rhynchospora pubera parvula,0
16451,GBIF:7289524,Ananas comosus comosus,form,accepted,GBIF:7289524,Plantae,Tracheophyta,Liliopsida,Poales,Bromeliaceae,Ananas,comosus,comosus,5288819,,,,Ananas comosus comosus,|check +1 accepted,Ananas comosus comosus,0
16541,GBIF:7355846,Tryonia myriophylla,species,accepted,GBIF:7355846,Plantae,Tracheophyta,Polypodiopsida,Polypodiales,Pteridaceae,Tryonia,myriophylla,,7779718,,"Schuettp., J.Prado & A.T.Cochran (Sw.)",,Tryonia myriophylla,|check +1 accepted,Tryonia myriophylla,0
16575,GBIF:2683915,Cryptomeria,genus,accepted,GBIF:2683915,Plantae,Tracheophyta,Pinopsida,Pinales,Cupressaceae,Cryptomeria,,,8144,,D.Don,kryptomerior,Cryptomeria,|check +1 accepted,Cryptomeria,0
16778,GBIF:2960604,Ormosia nobilis,species,accepted,GBIF:2960604,Plantae,Tracheophyta,Magnoliopsida,Fabales,Fabaceae,Ormosia,nobilis,,2960439,,Tul.,,Ormosia nobilis,|check +1 accepted,Ormosia nobilis,0
17512,GBIF:3173680,Plinia,genus,accepted,GBIF:3173680,Plantae,Tracheophyta,Magnoliopsida,Myrtales,Myrtaceae,Plinia,,,5014,,L.,,Plinia,|check +1 accepted,Plinia,0
17543,GBIF:6430743,Evolvulus sericeus sericeus,variety,accepted,GBIF:6430743,Plantae,Tracheophyta,Magnoliopsida,Solanales,Convolvulaceae,Evolvulus,sericeus,sericeus,2928672,,,silver dwarf-morning-glory,Evolvulus sericeus sericeus,|check +1 accepted,Evolvulus sericeus sericeus,0
17543,GBIF:7324527,Evolvulus sericeus sericeus,form,accepted,GBIF:7324527,Plantae,Tracheophyta,Magnoliopsida,Solanales,Convolvulaceae,Evolvulus,sericeus,sericeus,2928672,,,,Evolvulus sericeus sericeus,|check +1 accepted,Evolvulus sericeus sericeus,0
17685,GBIF:3082281,Plumbago,genus,accepted,GBIF:3082281,Plantae,Tracheophyta,Magnoliopsida,Caryophyllales,Plumbaginaceae,Plumbago,,,2419,,L.,leadwort,Plumbago,|check +1 accepted,Plumbago,0
17932,GBIF:3172224,Buchnera,genus,accepted,GBIF:3172224,Plantae,Tracheophyta,Magnoliopsida,Lamiales,Orobanchaceae,Buchnera,,,6651,,L.,bluehearts,Buchnera,|check +1 accepted,Buchnera,0
17970,GBIF:3794748,Mimosa albolanata brasiliana,variety,accepted,GBIF:3794748,Plantae,Tracheophyta,Magnoliopsida,Fabales,Fabaceae,Mimosa,albolanata,brasiliana,2969808,,Barneby,,Mimosa albolanata brasiliana,|check +1 accepted,Mimosa albolanata brasiliana,0
18013,GBIF:7224641,Mimosa bimucronata bimucronata,variety,accepted,GBIF:7224641,Plantae,Tracheophyta,Magnoliopsida,Fabales,Fabaceae,Mimosa,bimucronata,bimucronata,9217666,,,maricá,Mimosa bimucronata bimucronata,|check +1 accepted,Mimosa bimucronata bimucronata,0
18169,GBIF:2954266,Pterogyne,genus,accepted,GBIF:2954266,Plantae,Tracheophyta,Magnoliopsida,Fabales,Fabaceae,Pterogyne,,,5386,,Tul.,,Pterogyne,|check +1 accepted,Pterogyne,0
18211,GBIF:9070126,Polygala harleyi intermedia,subspecies,accepted,GBIF:9070126,Plantae,Tracheophyta,Magnoliopsida,Fabales,Polygalaceae,Polygala,harleyi,intermedia,7293579,,M.C.Marques,,Polygala harleyi intermedia,|check +1 accepted,Polygala harleyi intermedia,0
18231,GBIF:2702742,Chloris,genus,accepted,GBIF:2702742,Plantae,Tracheophyta,Liliopsida,Poales,Poaceae,Chloris,,,3073,,Sw.,windmillgrass spp.,Chloris,|check +1 accepted,Chloris,0
18267,GBIF:2645003,Trentepohlia,genus,accepted,GBIF:2645003,Plantae,Chlorophyta,Ulvophyceae,Trentepohliales,Trentepohliaceae,Trentepohlia,,,7559,,Mart.,rödfärgsalger,Trentepohlia,|check +1 accepted,Trentepohlia,0
18312,GBIF:9031274,Doliocarpus amazonicus duckeanus,variety,accepted,GBIF:9031274,Plantae,Tracheophyta,Magnoliopsida,Dilleniales,Dilleniaceae,Doliocarpus,amazonicus,duckeanus,7303991,,,,Doliocarpus amazonicus duckeanus,|check +1 accepted,Doliocarpus amazonicus duckeanus,0
18408,GBIF:8981956,Turnera sidoides holosericea,variety,accepted,GBIF:8981956,Plantae,Tracheophyta,Magnoliopsida,Malpighiales,Turneraceae,Turnera,sidoides,holosericea,7303703,,Arbo,,Turnera sidoides holosericea,|check +1 accepted,Turnera sidoides holosericea,0
18435,GBIF:2830038,Habenaria nuda pygmaea,variety,accepted,GBIF:2830038,Plantae,Tracheophyta,Liliopsida,Asparagales,Orchidaceae,Habenaria,nuda,pygmaea,2828573,,Hoehne,,Habenaria nuda pygmaea,|check +1 accepted,Habenaria nuda pygmaea,0
18476,GBIF:2688639,Riccia,genus,accepted,GBIF:2688639,Plantae,Marchantiophyta,Marchantiopsida,Marchantiales,Ricciaceae,Riccia,,,2259,,L.,rosettmossor,Riccia,|check +1 accepted,Riccia,0
18555,GBIF:8836115,Mimosa claussenii prorsiseta,subspecies,accepted,GBIF:8836115,Plantae,Tracheophyta,Magnoliopsida,Fabales,Fabaceae,Mimosa,claussenii,prorsiseta,2969629,,Barneby,,Mimosa claussenii prorsiseta,|check +1 accepted,Mimosa claussenii prorsiseta,0
18566,GBIF:3074966,Astraea,genus,accepted,GBIF:3074966,Plantae,Tracheophyta,Magnoliopsida,Malpighiales,Euphorbiaceae,Astraea,,,4691,,Klotzsch,,Astraea,|check +1 accepted,Astraea,0
18676,GBIF:3172939,Nelsonia,genus,accepted,GBIF:3172939,Plantae,Tracheophyta,Magnoliopsida,Lamiales,Acanthaceae,Nelsonia,,,2393,,R.Br.,,Nelsonia,|check +1 accepted,Nelsonia,0
18713,GBIF:3152218,Ceiba,genus,accepted,GBIF:3152218,Plantae,Tracheophyta,Magnoliopsida,Malvales,Malvaceae,Ceiba,,,6685,,Mill.,,Ceiba,|check +1 accepted,Ceiba,0
18729,GBIF:8945159,Mimosa debilis debilis,subspecies,accepted,GBIF:8945159,Plantae,Tracheophyta,Magnoliopsida,Fabales,Fabaceae,Mimosa,debilis,debilis,2969392,,,,Mimosa debilis debilis,|check +1 accepted,Mimosa debilis debilis,0
18744,GBIF:3104583,Perezia,genus,accepted,GBIF:3104583,Plantae,Tracheophyta,Magnoliopsida,Asterales,Asteraceae,Perezia,,,3065,,Lag.,,Perezia,|check +1 accepted,Perezia,0
18750,GBIF:9015604,Coussarea nodosa umbellaris,subspecies,accepted,GBIF:9015604,Plantae,Tracheophyta,Magnoliopsida,Gentianales,Rubiaceae,Coussarea,nodosa,umbellaris,2904788,,M.Gomes,,Coussarea nodosa umbellaris,|check +1 accepted,Coussarea nodosa umbellaris,0
18783,GBIF:5339879,Morinda citrifolia,species,accepted,GBIF:5339879,Plantae,Tracheophyta,Magnoliopsida,Gentianales,Rubiaceae,Morinda,citrifolia,,2915429,,L.,檄樹;黃木巴戟,Morinda citrifolia,|check +1 accepted,Morinda citrifolia,0
18792,GBIF:2673641,Pohlia,genus,accepted,GBIF:2673641,Plantae,Bryophyta,Bryopsida,Bryales,Bryaceae,Pohlia,,,8736,,Hedw.,pohlia moss,Pohlia,|check +1 accepted,Pohlia,0
19077,GBIF:7288330,Qualea cordata cordata,variety,accepted,GBIF:7288330,Plantae,Tracheophyta,Magnoliopsida,Myrtales,Vochysiaceae,Qualea,cordata,cordata,7288327,,,,Qualea cordata cordata,|check +1 accepted,Qualea cordata cordata,0
19289,GBIF:3039287,Condalia,genus,accepted,GBIF:3039287,Plantae,Tracheophyta,Magnoliopsida,Rosales,Rhamnaceae,Condalia,,,2407,,Cav.,snakewood,Condalia,|check +1 accepted,Condalia,0
19317,GBIF:3233962,Scleronema,genus,accepted,GBIF:3233962,Plantae,Tracheophyta,Magnoliopsida,Malvales,Malvaceae,Scleronema,,,6685,,Benth.,,Scleronema,|check +1 accepted,Scleronema,0
19393,GBIF:8832018,Banisteriopsis malifolia appressa,subspecies,accepted,GBIF:8832018,Plantae,Tracheophyta,Magnoliopsida,Malpighiales,Malpighiaceae,Banisteriopsis,malifolia,appressa,7285536,,B.Gates,,Banisteriopsis malifolia appressa,|check +1 accepted,Banisteriopsis malifolia appressa,0
19550,GBIF:8966121,Senecio pulcher pulcher,subspecies,accepted,GBIF:8966121,Plantae,Tracheophyta,Magnoliopsida,Asterales,Asteraceae,Senecio,pulcher,pulcher,3109000,,,,Senecio pulcher pulcher,|check +1 accepted,Senecio pulcher pulcher,0
19712,GBIF:10585474,Trichospira verticillata,species,accepted,GBIF:10585474,Plantae,Tracheophyta,Magnoliopsida,Asterales,Asteraceae,Trichospira,verticillata,,3087525,,S.F.Blake,,Trichospira verticillata,|check +1 accepted,Trichospira verticillata,0
19979,GBIF:9117896,Turnera bahiensis bahiensis,subspecies,accepted,GBIF:9117896,Plantae,Tracheophyta,Magnoliopsida,Malpighiales,Turneraceae,Turnera,bahiensis,bahiensis,7303718,,,,Turnera bahiensis bahiensis,|check +1 accepted,Turnera bahiensis bahiensis,0
20014,GBIF:8867527,Hymenaea stigonocarpa stigonocarpa,subspecies,accepted,GBIF:8867527,Plantae,Tracheophyta,Magnoliopsida,Fabales,Fabaceae,Hymenaea,stigonocarpa,stigonocarpa,2950722,,,,Hymenaea stigonocarpa stigonocarpa,|check +1 accepted,Hymenaea stigonocarpa stigonocarpa,0
20097,GBIF:9131907,Peperomia decora pilosa,subspecies,accepted,GBIF:9131907,Plantae,Tracheophyta,Magnoliopsida,Piperales,Piperaceae,Peperomia,decora,pilosa,7305847,,Yunck.,,Peperomia decora pilosa,|check +1 accepted,Peperomia decora pilosa,0
20106,GBIF:8364970,Rubus rosifolius rosifolius,subspecies,accepted,GBIF:8364970,Plantae,Tracheophyta,Magnoliopsida,Rosales,Rosaceae,Rubus,rosifolius,rosifolius,8234521,,,,Rubus rosifolius rosifolius,|check +1 accepted,Rubus rosifolius rosifolius,0
20222,GBIF:3153974,Drimys,genus,accepted,GBIF:3153974,Plantae,Tracheophyta,Magnoliopsida,Canellales,Winteraceae,Drimys,,,2437,,J.R.Forst. & G.Forst.,,Drimys,|check +1 accepted,Drimys,0
20419,GBIF:2949236,Aeschynomene americana glandulosa,variety,accepted,GBIF:2949236,Plantae,Tracheophyta,Magnoliopsida,Fabales,Fabaceae,Aeschynomene,americana,glandulosa,2949235,2949238,Rudd (Poir.),,Aeschynomene americana glandulosa,|check +1 accepted,Aeschynomene americana glandulosa,0
20503,GBIF:9115074,Mimosa claussenii corneiseta,subspecies,accepted,GBIF:9115074,Plantae,Tracheophyta,Magnoliopsida,Fabales,Fabaceae,Mimosa,claussenii,corneiseta,2969629,,Barneby,,Mimosa claussenii corneiseta,|check +1 accepted,Mimosa claussenii corneiseta,0
20666,GBIF:3234444,Maripa,genus,accepted,GBIF:3234444,Plantae,Tracheophyta,Magnoliopsida,Solanales,Convolvulaceae,Maripa,,,2389,,Aubl.,,Maripa,|check +1 accepted,Maripa,0
20813,GBIF:2960676,Diplotropis,genus,accepted,GBIF:2960676,Plantae,Tracheophyta,Magnoliopsida,Fabales,Fabaceae,Diplotropis,,,5386,,Benth.,,Diplotropis,|check +1 accepted,Diplotropis,0
20877,GBIF:7266230,Mimosa pseudoradula pseudoradula,variety,accepted,GBIF:7266230,Plantae,Tracheophyta,Magnoliopsida,Fabales,Fabaceae,Mimosa,pseudoradula,pseudoradula,7266229,,,,Mimosa pseudoradula pseudoradula,|check +1 accepted,Mimosa pseudoradula pseudoradula,0
20905,GBIF:2650312,Alsophila,genus,accepted,GBIF:2650312,Plantae,Tracheophyta,Polypodiopsida,Cyatheales,Cyatheaceae,Alsophila,,,6624,,R.Br.,,Alsophila,|check +1 accepted,Alsophila,0
20970,GBIF:7226067,Passiflora foetida foetida,variety,accepted,GBIF:7226067,Plantae,Tracheophyta,Magnoliopsida,Malpighiales,Passifloraceae,Passiflora,foetida,foetida,2874211,,,fetid passionflower,Passiflora foetida foetida,|check +1 accepted,Passiflora foetida foetida,0
20970,GBIF:7313418,Passiflora foetida foetida,subspecies,accepted,GBIF:7313418,Plantae,Tracheophyta,Magnoliopsida,Malpighiales,Passifloraceae,Passiflora,foetida,foetida,2874211,,,,Passiflora foetida foetida,|check +1 accepted,Passiflora foetida foetida,0
20994,GBIF:7326816,Sauvagesia erecta erecta,subspecies,accepted,GBIF:7326816,Plantae,Tracheophyta,Magnoliopsida,Malpighiales,Ochnaceae,Sauvagesia,erecta,erecta,5421109,,,,Sauvagesia erecta erecta,|check +1 accepted,Sauvagesia erecta erecta,0
21120,GBIF:2713527,Cyperus rigens rigens,subspecies,accepted,GBIF:2713527,Plantae,Tracheophyta,Liliopsida,Poales,Cyperaceae,Cyperus,rigens,rigens,2713519,,,,Cyperus rigens rigens,|check +1 accepted,Cyperus rigens rigens,0
21154,GBIF:7837959,Tryonia areniticola,species,accepted,GBIF:7837959,Plantae,Tracheophyta,Polypodiopsida,Polypodiales,Pteridaceae,Tryonia,areniticola,,7779718,3749504,"Schuettp., J.Prado & A.T.Cochran (Schwartsb. & Labiak)",,Tryonia areniticola,|check +1 accepted,Tryonia areniticola,0
