database_id,verbatim_scientificName,decimalLatitude,decimalLongitude,occurrenceID,verbatimEventDate,country,stateProvince,county,locality,coordinatePrecision,basisOfRecord,identifiedBy,coordinateUncertaintyInMeters,recordedBy,country_suggested,countryCode,.uncer_terms,original_search,suggested_name,distance,notes,taxonID,scientificName,taxonRank,taxonomicStatus,acceptedNameUsageID,kingdom,phylum,class,order,family,genus,specificEpithet,infraspecificEpithet,parentNameUsageID,originalNameUsageID,scientificNameAuthorship,vernacularName,.rou,.val,.equ,.zer,.cap,.cen,.urb,.otl,.gbf,.inst,.dpl,.eventDate_empty,year,.year_outOfRange,.summary
AT_EPIPHYTES_1,Tillandsia tenuifolia,-25.521863,-51.416667,E8802,2003,Brazil,PARANA,GUARAPUAVA,Rio Sao Jeronimo,Forest fragment,NA,NA,NA,NA,Brazil,BR,TRUE,Tillandsia tenuifolia,NA,NA,accepted,GBIF:2695114,Tillandsia tenuifolia,species,accepted,GBIF:2695114,Plantae,Tracheophyta,Liliopsida,Poales,Bromeliaceae,Tillandsia,tenuifolia,NA,8279994,NA,L.,narrowleaf airplant,TRUE,TRUE,TRUE,TRUE,TRUE,TRUE,TRUE,TRUE,TRUE,TRUE,TRUE,TRUE,2003,TRUE,TRUE
AT_EPIPHYTES_2,Peperomia obtusifolia,-14.65972,-39.14972,635992,2015,Brazil,BAHIA,ILHEUS,NA,Coordinates given in the herbarium record,NA,NA,NA,NA,Brazil,BR,TRUE,Peperomia obtusifolia,NA,NA,accepted,GBIF:3086423,Peperomia obtusifolia,species,accepted,GBIF:3086423,Plantae,Tracheophyta,Magnoliopsida,Piperales,Piperaceae,Peperomia,obtusifolia,NA,3086367,3086426,A.Dietr. (L.),pepper face,TRUE,TRUE,TRUE,TRUE,TRUE,TRUE,TRUE,TRUE,TRUE,TRUE,TRUE,TRUE,2015,TRUE,TRUE
AT_EPIPHYTES_3,Tillandsia recurvata,-21.746667,-43.354722,E1617,2016,Brazil,MATO GROSSO DO SUL,JUIZ DE FORA,Praca Mariano Procopio,50,NA,NA,NA,NA,Brazil,BR,TRUE,Tillandsia recurvata,NA,NA,accepted,GBIF:2695588,Tillandsia recurvata,species,accepted,GBIF:2695588,Plantae,Tracheophyta,Liliopsida,Poales,Bromeliaceae,Tillandsia,recurvata,NA,8279994,5287808,L. (L.),Tillandsia recta o heno pequeno,TRUE,TRUE,TRUE,TRUE,TRUE,TRUE,FALSE,TRUE,TRUE,TRUE,TRUE,TRUE,2016,TRUE,FALSE
AT_EPIPHYTES_4,Vriesea flammea,-23.35,-44.858333,E0272,2011,Brazil,SAO PAULO,UBATUBA,Parque Estadual da Serra do Mar-Nucleo Picinguaba,Forest fragment,NA,NA,NA,NA,Brazil,BR,TRUE,Vriesea flammea,NA,NA,accepted,GBIF:5289378,Vriesea flammea,species,accepted,GBIF:5289378,Plantae,Tracheophyta,Liliopsida,Poales,Bromeliaceae,Vriesea,flammea,NA,2699764,NA,L.B.Sm.,NA,TRUE,TRUE,TRUE,TRUE,TRUE,TRUE,TRUE,TRUE,TRUE,TRUE,TRUE,TRUE,2011,TRUE,TRUE
AT_EPIPHYTES_5,Lankesterella ceracifolia,-28.1667,-49.4,17541,2009,Brazil,SANTA CATARINA,ORLEANS,Rio Minador,Municipality,NA,NA,NA,NA,Brazil,BR,TRUE,Lankesterella ceracifolia,NA,NA,accepted,GBIF:5312267,Lankesterella ceracifolia,species,accepted,GBIF:5312267,Plantae,Tracheophyta,Liliopsida,Asparagales,Orchidaceae,Lankesterella,ceracifolia,NA,2807134,2807162,Mansf. (Barb.Rodr.),NA,TRUE,TRUE,TRUE,TRUE,TRUE,TRUE,TRUE,TRUE,TRUE,TRUE,TRUE,TRUE,2009,TRUE,TRUE
AT_EPIPHYTES_7,Nidularium innocentii,-26.1833,-49.0333,20521,2009,Brazil,SANTA CATARINA,JOINVILLE,Serra Dona Francisca,Municipality,NA,NA,NA,NA,Brazil,BR,TRUE,Nidularium innocentii,NA,NA,accepted,GBIF:2697762,Nidularium innocentii,species,accepted,GBIF:2697762,Plantae,Tracheophyta,Liliopsida,Poales,Bromeliaceae,Nidularium,innocentii,NA,2697636,NA,Lem.,purpurvattensamlare,TRUE,TRUE,TRUE,TRUE,TRUE,TRUE,TRUE,TRUE,TRUE,TRUE,TRUE,TRUE,2009,TRUE,TRUE
AT_EPIPHYTES_8,Acianthera serpentula,-25.5839,-49.6356,E23503,NA,Brazil,PARANA,BALSA NOVA,Base da Serra de Sao Luiz do Puruna,Coordinates given in the herbarium record,NA,NA,NA,NA,Brazil,BR,TRUE,Acianthera serpentula,NA,NA,accepted,GBIF:2839474,Acianthera serpentula,species,accepted,GBIF:2839474,Plantae,Tracheophyta,Liliopsida,Asparagales,Orchidaceae,Acianthera,serpentula,NA,7848554,2839476,F.Barros (Barb.Rodr.),NA,TRUE,TRUE,TRUE,TRUE,TRUE,TRUE,TRUE,TRUE,TRUE,TRUE,TRUE,FALSE,NA,TRUE,FALSE
AT_EPIPHYTES_9,Peperomia quadrifolia,-26.46,-49.41,E18657,NA,Brazil,SANTA CATARINA,CORUPA,Palmeiras II,Coordinates given in the herbarium record,NA,NA,NA,NA,Brazil,BR,TRUE,Peperomia quadrifolia,NA,NA,accepted,GBIF:3086416,Peperomia quadrifolia,species,accepted,GBIF:3086416,Plantae,Tracheophyta,Magnoliopsida,Piperales,Piperaceae,Peperomia,quadrifolia,NA,3086367,3086417,Kunth (L.),fourleaf peperomia,TRUE,TRUE,TRUE,TRUE,TRUE,TRUE,TRUE,TRUE,TRUE,TRUE,TRUE,FALSE,NA,TRUE,FALSE
AT_EPIPHYTES_10,Peperomia circinnata,-23.7869,-54.2836,E16998,NA,Brazil,MATO GROSSO DO SUL,ELDORADO,NA,Coordinates given in the herbarium record,NA,NA,NA,NA,Brazil,BR,TRUE,Peperomia circinnata,NA,NA,accepted,GBIF:7304921,Peperomia circinnata,species,accepted,GBIF:7304921,Plantae,Tracheophyta,Magnoliopsida,Piperales,Piperaceae,Peperomia,circinnata,NA,3086367,NA,Link,NA,TRUE,TRUE,TRUE,TRUE,TRUE,TRUE,TRUE,TRUE,TRUE,TRUE,TRUE,FALSE,NA,TRUE,FALSE
AT_EPIPHYTES_11,Microgramma squamulosa,-25.666271,-49.269229,E7552,2017,Brazil,PARANA,FAZENDA RIO GRANDE,Fazenda Experimental Gralha Azul 2,Forest fragment,NA,NA,NA,NA,Brazil,BR,TRUE,Microgramma squamulosa,NA,NA,accepted,GBIF:4025976,Microgramma squamulosa,species,accepted,GBIF:4025976,Plantae,Tracheophyta,Polypodiopsida,Polypodiales,Polypodiaceae,Microgramma,squamulosa,NA,8393217,7290190,de la Sota (Kaulf.),NA,TRUE,TRUE,TRUE,TRUE,TRUE,TRUE,TRUE,TRUE,TRUE,TRUE,TRUE,TRUE,2017,TRUE,TRUE
AT_EPIPHYTES_12,Vriesea gigantea,-29.6411,-50.4525,E0829,NA,Brazil,RIO GRANDE DO SUL,RIOZINHO,NA,Municipality,NA,NA,NA,NA,Brazil,BR,TRUE,Vriesea gigantea,NA,NA,accepted,GBIF:5288894,Vriesea gigantea,species,accepted,GBIF:5288894,Plantae,Tracheophyta,Liliopsida,Poales,Bromeliaceae,Vriesea,gigantea,NA,2699764,NA,Gaudich.,jattevriesea,TRUE,TRUE,TRUE,TRUE,TRUE,TRUE,TRUE,TRUE,TRUE,TRUE,TRUE,FALSE,NA,TRUE,FALSE
AT_EPIPHYTES_13,Aechmea leptantha,-8.0022,-35.0183,E1518,NA,Brazil,PERNAMBUCO,SAO LOURENCO DA MATA,Sao Bento,Coordinates given in the herbarium record,NA,NA,NA,NA,Brazil,BR,TRUE,Aechmea leptantha,NA,NA,accepted,GBIF:2698687,Aechmea leptantha,species,accepted,GBIF:2698687,Plantae,Tracheophyta,Liliopsida,Poales,Bromeliaceae,Aechmea,leptantha,NA,2697812,2698688,Leme & J.A.Siqueira (Harms),NA,TRUE,TRUE,TRUE,TRUE,TRUE,TRUE,FALSE,TRUE,TRUE,TRUE,TRUE,FALSE,NA,TRUE,FALSE
AT_EPIPHYTES_14,Vriesea tijucana,-15.158634,-39.057151,359,2000,Brazil,BAHIA,UNA,Reserva Biologica de Una,20,NA,NA,NA,NA,Brazil,BR,TRUE,Vriesea tijucana,NA,NA,accepted,GBIF:5288897,Vriesea tijucana,species,accepted,GBIF:5288897,Plantae,Tracheophyta,Liliopsida,Poales,Bromeliaceae,Vriesea,tijucana,NA,2699764,NA,E.Pereira,NA,TRUE,TRUE,TRUE,TRUE,TRUE,TRUE,TRUE,TRUE,TRUE,TRUE,TRUE,TRUE,2000,TRUE,TRUE
AT_EPIPHYTES_15,Rhodospatha oblongata,-14.49,-39.1,E25916,NA,Brazil,BAHIA,URUCUCA,"Mun>. Urucuca, 9.4 KM. Serra do Conduru vertente E.",Coordinates given in the herbarium record,NA,NA,NA,NA,Brazil,BR,TRUE,Rhodospatha oblongata,NA,NA,accepted,GBIF:2871981,Rhodospatha oblongata,species,accepted,GBIF:2871981,Plantae,Tracheophyta,Liliopsida,Alismatales,Araceae,Rhodospatha,oblongata,NA,2871974,NA,Poepp.,NA,TRUE,TRUE,TRUE,TRUE,TRUE,TRUE,TRUE,TRUE,TRUE,TRUE,TRUE,FALSE,NA,TRUE,FALSE
AT_EPIPHYTES_16,Anthurium gaudichaudianum,-29.342087,-49.68663,E0057,1992,Brazil,RIO GRANDE DO SUL,TORRES,Torres,Forest fragment,NA,NA,NA,NA,Brazil,BR,TRUE,Anthurium gaudichaudianum,NA,NA,accepted,GBIF:2872740,Anthurium gaudichaudianum,species,accepted,GBIF:2872740,Plantae,Tracheophyta,Liliopsida,Alismatales,Araceae,Anthurium,gaudichaudianum,NA,2872218,NA,Kunth,NA,TRUE,TRUE,TRUE,TRUE,TRUE,TRUE,TRUE,TRUE,TRUE,TRUE,TRUE,TRUE,1992,TRUE,TRUE
AT_EPIPHYTES_17,Maxillaria caparaoensis,-20.4333,-41.8683,E11997,NA,Brazil,MATO GROSSO DO SUL,ALTO CAPARAO,Serra do Caparao.,Coordinates given in the herbarium record,NA,NA,NA,NA,Brazil,BR,TRUE,Maxillaria caparaoensis,NA,NA,accepted,GBIF:5318538,Maxillaria caparaoensis,species,accepted,GBIF:5318538,Plantae,Tracheophyta,Liliopsida,Asparagales,Orchidaceae,Maxillaria,caparaoensis,NA,2825779,NA,Brade,NA,TRUE,TRUE,TRUE,TRUE,TRUE,TRUE,TRUE,TRUE,TRUE,TRUE,TRUE,FALSE,NA,TRUE,FALSE
AT_EPIPHYTES_18,Acianthera langeana,-28.47165,-49.981568,E2724,2014,Brazil,RIO GRANDE DO SUL,SAO JOSE DOS AUSENTES,Rio Pelotas,Forest fragment,NA,NA,NA,NA,Brazil,BR,TRUE,Acianthera langeana,NA,NA,accepted,GBIF:2840033,Acianthera langeana,species,accepted,GBIF:2840033,Plantae,Tracheophyta,Liliopsida,Asparagales,Orchidaceae,Acianthera,langeana,NA,7848554,2840034,Pridgeon & M.W.Chase (Kraenzl.),NA,TRUE,TRUE,TRUE,TRUE,TRUE,TRUE,TRUE,TRUE,TRUE,TRUE,TRUE,TRUE,2014,TRUE,TRUE
AT_EPIPHYTES_19,Pleopeltis monoides,-22.43083,-42.74306,540781,2010,Brazil,RIO DE JANEIRO,CACHOEIRAS DE MACACU,NA,Coordinates given in the herbarium record,NA,NA,NA,NA,Brazil,BR,TRUE,Pleopeltis monoides,NA,NA,accepted,GBIF:7495967,Pleopeltis monoides,species,accepted,GBIF:7495967,Plantae,Tracheophyta,Polypodiopsida,Polypodiales,Polypodiaceae,Pleopeltis,monoides,NA,2650485,5649333,Salino (Weath.),NA,TRUE,TRUE,TRUE,TRUE,TRUE,TRUE,TRUE,TRUE,TRUE,TRUE,TRUE,TRUE,2010,TRUE,TRUE
AT_EPIPHYTES_20,Hymenophyllum fragile,-25.05,-49.8,444521,2003,Brazil,PARANA,CASTRO,NA,Coordinates given in the herbarium record,NA,NA,NA,NA,Brazil,BR,TRUE,Hymenophyllum fragile,NA,NA,accepted,GBIF:2651313,Hymenophyllum fragile,species,accepted,GBIF:2651313,Plantae,Tracheophyta,Polypodiopsida,Hymenophyllales,Hymenophyllaceae,Hymenophyllum,fragile,NA,2651287,5533060,Morton (Hedw.),fragile filmy fern,TRUE,TRUE,TRUE,TRUE,TRUE,TRUE,TRUE,TRUE,TRUE,TRUE,TRUE,TRUE,2003,TRUE,TRUE
BIEN_1,Solanum paniculatum,-7.135306,-38.601472,786,2010-08-25,Brazil,NA,NA,NA,NA,NA,NA,NA,NA,Brazil,BR,TRUE,Solanum paniculatum,NA,NA,accepted,GBIF:2932547,Solanum paniculatum,species,accepted,GBIF:2932547,Plantae,Tracheophyta,Magnoliopsida,Solanales,Solanaceae,Solanum,paniculatum,NA,2928997,NA,L.,jurubeba,TRUE,TRUE,TRUE,TRUE,TRUE,TRUE,TRUE,TRUE,TRUE,TRUE,TRUE,TRUE,2010,TRUE,TRUE
BIEN_2,Tetrapterys crispa,-0.95,-49.8,1758,1987-11-04,Brazil,NA,NA,NA,NA,NA,NA,NA,NA,Brazil,BR,TRUE,Tetrapterys crispa,NA,NA,accepted,GBIF:7285570,Tetrapterys crispa,species,accepted,GBIF:7285570,Plantae,Tracheophyta,Magnoliopsida,Malpighiales,Malpighiaceae,Tetrapterys,crispa,NA,3191303,NA,A.Juss.,NA,TRUE,TRUE,TRUE,TRUE,TRUE,TRUE,TRUE,TRUE,TRUE,TRUE,TRUE,TRUE,1987,TRUE,TRUE
BIEN_3,Clusia microstemon,0.283333,-68.466667,2075,NA,Brazil,NA,NA,NA,NA,NA,NA,NA,NA,Brazil,BR,TRUE,Clusia microstemon,NA,NA,accepted,GBIF:5556257,Clusia microstemon,species,accepted,GBIF:5556257,Plantae,Tracheophyta,Magnoliopsida,Malpighiales,Clusiaceae,Clusia,microstemon,NA,3189424,NA,Planch. & Triana,NA,TRUE,TRUE,TRUE,TRUE,TRUE,TRUE,TRUE,TRUE,TRUE,TRUE,TRUE,FALSE,NA,TRUE,FALSE
BIEN_5,Machaerium fulvovenosum,-20.848889,-41.1125,1307,2008-10-10,Brazil,NA,NA,NA,NA,NA,NA,NA,NA,Brazil,BR,TRUE,Machaerium fulvovenosum,NA,NA,accepted,GBIF:5355056,Machaerium fulvovenosum,species,accepted,GBIF:5355056,Plantae,Tracheophyta,Magnoliopsida,Fabales,Fabaceae,Machaerium,fulvovenosum,NA,2959589,NA,H.C.Lima,jacaranda tan,TRUE,TRUE,TRUE,TRUE,TRUE,TRUE,TRUE,TRUE,TRUE,TRUE,TRUE,TRUE,2008,TRUE,TRUE
BIEN_7,Byrsonima sericea,-15.181944,-45.769722,3012,1997-12-05,Brazil,NA,NA,NA,NA,NA,NA,NA,NA,Brazil,BR,TRUE,Byrsonima sericea,NA,NA,accepted,GBIF:7285418,Byrsonima sericea,species,accepted,GBIF:7285418,Plantae,Tracheophyta,Magnoliopsida,Malpighiales,Malpighiaceae,Byrsonima,sericea,NA,3191347,NA,DC.,NA,TRUE,TRUE,TRUE,TRUE,TRUE,TRUE,TRUE,TRUE,TRUE,TRUE,TRUE,TRUE,1997,TRUE,TRUE
BIEN_9,Cordia nodosa,-9.95,-57.1,2979,1985-09-30,Brazil,NA,NA,NA,NA,NA,NA,NA,NA,Brazil,BR,TRUE,Cordia nodosa,NA,NA,accepted,GBIF:7295069,Cordia nodosa,species,accepted,GBIF:7295069,Plantae,Tracheophyta,Magnoliopsida,Boraginales,Cordiaceae,Cordia,nodosa,NA,2900865,NA,Lam.,pau de formiga,TRUE,TRUE,TRUE,TRUE,TRUE,TRUE,TRUE,TRUE,TRUE,TRUE,TRUE,TRUE,1985,TRUE,TRUE
BIEN_10,Dorstenia turnerifolia,-15.158056,-39.528611,2724,NA,Brazil,NA,NA,NA,NA,NA,NA,NA,NA,Brazil,BR,TRUE,Dorstenia turnerifolia,NA,NA,accepted,GBIF:3762794,Dorstenia turnerifolia,species,accepted,GBIF:3762794,Plantae,Tracheophyta,Magnoliopsida,Rosales,Moraceae,Dorstenia,turnerifolia,NA,2984540,NA,Fisch. & C.A.Mey.,NA,TRUE,TRUE,TRUE,TRUE,TRUE,TRUE,TRUE,TRUE,TRUE,TRUE,TRUE,FALSE,NA,TRUE,FALSE
BIEN_11,Phoradendron crassifolium,-23.62028,-45.40972,104,1961-05-20,NA,NA,NA,NA,NA,NA,NA,NA,NA,NA,NA,TRUE,Phoradendron crassifolium,NA,NA,accepted,GBIF:7772421,Phoradendron crassifolium,species,accepted,GBIF:7772421,Plantae,Tracheophyta,Magnoliopsida,Santalales,Viscaceae,Phoradendron,crassifolium,NA,2889864,4068428,Eichler (Pohl ex DC.),NA,TRUE,TRUE,TRUE,TRUE,TRUE,TRUE,TRUE,TRUE,TRUE,TRUE,TRUE,TRUE,1961,TRUE,TRUE
BIEN_12,Pagamea plicata,-10.605278,-46.285,3801,2007-09-21,Brazil,NA,NA,NA,NA,NA,NA,NA,NA,Brazil,BR,TRUE,Pagamea plicata,NA,NA,accepted,GBIF:2902164,Pagamea plicata,species,accepted,GBIF:2902164,Plantae,Tracheophyta,Magnoliopsida,Gentianales,Rubiaceae,Pagamea,plicata,NA,2902141,NA,Spruce ex Benth.,NA,TRUE,TRUE,TRUE,TRUE,TRUE,TRUE,TRUE,TRUE,TRUE,TRUE,TRUE,TRUE,2007,TRUE,TRUE
BIEN_14,Galactia striata,-22.4947,-48.5581,1365,NA,Brazil,NA,NA,NA,NA,NA,NA,NA,NA,Brazil,BR,TRUE,Galactia striata,NA,NA,accepted,GBIF:2984047,Galactia striata,species,accepted,GBIF:2984047,Plantae,Tracheophyta,Magnoliopsida,Fabales,Fabaceae,Galactia,striata,NA,2983979,5361742,Urb. (Jacq.),Guatabito,TRUE,TRUE,TRUE,TRUE,TRUE,TRUE,TRUE,TRUE,TRUE,TRUE,TRUE,FALSE,NA,TRUE,FALSE
BIEN_15,Achyrocline alata,-20.448028,-52.906222,2258,2005-04-22,Brazil,NA,NA,NA,NA,NA,NA,NA,NA,Brazil,BR,TRUE,Achyrocline alata,NA,NA,accepted,GBIF:3139547,Achyrocline alata,species,accepted,GBIF:3139547,Plantae,Tracheophyta,Magnoliopsida,Asterales,Asteraceae,Achyrocline,alata,NA,3139525,NA,DC. (Kunth),macela do brejo,TRUE,TRUE,TRUE,TRUE,TRUE,TRUE,TRUE,TRUE,TRUE,TRUE,TRUE,TRUE,2005,TRUE,TRUE
BIEN_16,Coccocypselum lanceolatum,-10.8339,-52.8731,3567,NA,Brazil,NA,NA,NA,NA,NA,NA,NA,NA,Brazil,BR,TRUE,Coccocypselum lanceolatum,NA,NA,accepted,GBIF:2906930,Coccocypselum lanceolatum,species,accepted,GBIF:2906930,Plantae,Tracheophyta,Magnoliopsida,Gentianales,Rubiaceae,Coccocypselum,lanceolatum,NA,2906871,5338306,Pers. (Ruiz & Pav.),piririca,TRUE,TRUE,TRUE,TRUE,TRUE,TRUE,TRUE,TRUE,TRUE,TRUE,TRUE,FALSE,NA,TRUE,FALSE
BIEN_18,Oldenlandia filicaulis,-14.266667,-42.526111,2756,2006-01-10,Brazil,NA,NA,NA,NA,NA,NA,NA,NA,Brazil,BR,TRUE,Oldenlandia filicaulis,NA,NA,accepted,GBIF:2915856,Oldenlandia filicaulis,species,accepted,GBIF:2915856,Plantae,Tracheophyta,Magnoliopsida,Gentianales,Rubiaceae,Oldenlandia,filicaulis,NA,2915706,NA,K.Schum.,NA,TRUE,TRUE,TRUE,TRUE,TRUE,TRUE,TRUE,TRUE,TRUE,TRUE,TRUE,TRUE,2006,TRUE,TRUE
BIEN_19,Bauhinia brevipes,-12.871667,-46.97,1928,2009-06-29,Brazil,NA,NA,NA,NA,NA,NA,NA,NA,Brazil,BR,TRUE,Bauhinia brevipes,NA,NA,accepted,GBIF:2953099,Bauhinia brevipes,species,accepted,GBIF:2953099,Plantae,Tracheophyta,Magnoliopsida,Fabales,Fabaceae,Bauhinia,brevipes,NA,2952935,NA,Vogel,NA,TRUE,TRUE,TRUE,TRUE,TRUE,TRUE,TRUE,TRUE,TRUE,TRUE,TRUE,TRUE,2009,TRUE,TRUE
BIEN_20,Paspalum guttatum,-11.688056,-47.7025,3120,2014-11-20,Brazil,NA,NA,NA,NA,NA,NA,NA,NA,Brazil,BR,TRUE,Paspalum guttatum,NA,NA,accepted,GBIF:4110078,Paspalum guttatum,species,accepted,GBIF:4110078,Plantae,Tracheophyta,Liliopsida,Poales,Poaceae,Paspalum,guttatum,NA,2705540,NA,Trin.,NA,TRUE,TRUE,TRUE,TRUE,TRUE,TRUE,TRUE,TRUE,TRUE,TRUE,TRUE,TRUE,2014,TRUE,TRUE
DRYFLOR_1,Miconia minutiflora (Bonpl.) DC.,-20.844999313354,-44.91609954834,NA,NA,Brazil,NA,NA,"Santo Antônio do Amparo, floresta semidecidual",NA,NA,NA,NA,NA,Brazil,BR,TRUE,Miconia minutiflora,NA,NA,accepted,GBIF:3860591,Miconia minutiflora,species,accepted,GBIF:3860591,Plantae,Tracheophyta,Magnoliopsida,Myrtales,Melastomataceae,Miconia,minutiflora,NA,3188558,NA,NA,NA,TRUE,TRUE,TRUE,TRUE,TRUE,TRUE,TRUE,TRUE,TRUE,TRUE,TRUE,FALSE,NA,TRUE,FALSE
DRYFLOR_2,Zanthoxylum rhoifolium Lam.,-8.1581001281738,-35.753898620605,NA,NA,Brazil,NA,NA,"Bezerros, floresta semidecidual de brejo",NA,NA,NA,NA,NA,Brazil,BR,TRUE,Zanthoxylum rhoifolium,NA,NA,accepted,GBIF:7269222,Zanthoxylum rhoifolium,species,accepted,GBIF:7269222,Plantae,Tracheophyta,Magnoliopsida,Sapindales,Rutaceae,Zanthoxylum,rhoifolium,NA,3190076,NA,Lam.,tinguaciba,TRUE,TRUE,TRUE,TRUE,TRUE,TRUE,TRUE,TRUE,TRUE,TRUE,TRUE,FALSE,NA,TRUE,FALSE
DRYFLOR_3,Ocotea velutina (Nees) Rohwer,-21.132499694824,-44.709400177002,NA,NA,Brazil,NA,NA,"Ibituruna, floresta semidecidual",NA,NA,NA,NA,NA,Brazil,BR,TRUE,Ocotea velutina,NA,NA,accepted,GBIF:4181077,Ocotea velutina,species,accepted,GBIF:4181077,Plantae,Tracheophyta,Magnoliopsida,Laurales,Lauraceae,Ocotea,velutina,NA,3034076,7304210,Rohwer (Nees),NA,TRUE,TRUE,TRUE,TRUE,TRUE,TRUE,TRUE,TRUE,TRUE,TRUE,TRUE,FALSE,NA,TRUE,FALSE
DRYFLOR_4,Sweetia fruticosa Spreng.,-18.089000701904,-45.182998657227,NA,NA,Brazil,NA,NA,"Três Marias, floresta decidual",NA,NA,NA,NA,NA,Brazil,BR,TRUE,Sweetia fruticosa,NA,NA,accepted,GBIF:5358234,Sweetia fruticosa,species,accepted,GBIF:5358234,Plantae,Tracheophyta,Magnoliopsida,Fabales,Fabaceae,Sweetia,fruticosa,NA,8072780,NA,Spreng.,sucupira preta,TRUE,TRUE,TRUE,TRUE,TRUE,TRUE,TRUE,TRUE,TRUE,TRUE,TRUE,FALSE,NA,TRUE,FALSE
DRYFLOR_5,Bauhinia cheilantha (Bong.) Steud.,-15.003100395203,-43.900299072266,NA,NA,Brazil,NA,NA,"Matias Cardoso, Cajueiro, caatinga arbórea",NA,NA,NA,NA,NA,Brazil,BR,TRUE,Bauhinia cheilantha,NA,NA,accepted,GBIF:2952938,Bauhinia cheilantha,species,accepted,GBIF:2952938,Plantae,Tracheophyta,Magnoliopsida,Fabales,Fabaceae,Bauhinia,cheilantha,NA,2952935,2952939,Steud. (Bong.),Unha de vaca,TRUE,TRUE,TRUE,TRUE,TRUE,TRUE,TRUE,TRUE,TRUE,TRUE,TRUE,FALSE,NA,TRUE,FALSE
DRYFLOR_6,Senna pendula (Willd.) H.S.Irwin & Barneby,-21.568899154663,-50.739700317383,NA,NA,Brazil,NA,NA,"Salmourão, floresta semidecidual",NA,NA,NA,NA,NA,Brazil,BR,TRUE,Senna pendula,NA,NA,accepted,GBIF:2957187,Senna pendula,species,accepted,GBIF:2957187,Plantae,Tracheophyta,Magnoliopsida,Fabales,Fabaceae,Senna,pendula,NA,2956904,5354027,H.S.Irwin & Barneby (Humb. & Bonpl. ex Willd.),yerba del burro,TRUE,TRUE,TRUE,TRUE,TRUE,TRUE,TRUE,TRUE,TRUE,TRUE,TRUE,FALSE,NA,TRUE,FALSE
DRYFLOR_7,Cecropia hololeuca Miq.,-17.83219909668,-40.280799865723,NA,NA,Brazil,NA,NA,"Nanuque, floresta semidecidual",NA,NA,NA,NA,NA,Brazil,BR,TRUE,Cecropia hololeuca,NA,NA,accepted,GBIF:4013377,Cecropia hololeuca,species,accepted,GBIF:4013377,Plantae,Tracheophyta,Magnoliopsida,Rosales,Urticaceae,Cecropia,hololeuca,NA,2984472,NA,Miq.,embaubacu,TRUE,TRUE,TRUE,TRUE,TRUE,TRUE,TRUE,TRUE,TRUE,TRUE,TRUE,FALSE,NA,TRUE,FALSE
DRYFLOR_8,Cordia glabrata (Mart.) A.DC.,-14.982199668884,-43.52140045166,NA,NA,Brazil,NA,NA,"Matias Cardoso, Gado Bravo, caatinga arbórea",NA,NA,NA,NA,NA,Brazil,BR,TRUE,Cordia glabrata,NA,NA,accepted,GBIF:8486453,Cordia glabrata,species,accepted,GBIF:8486453,Plantae,Tracheophyta,Magnoliopsida,Boraginales,Cordiaceae,Cordia,glabrata,NA,2900865,4061419,A.DC. (Mart.),NA,TRUE,TRUE,TRUE,TRUE,TRUE,TRUE,TRUE,TRUE,TRUE,TRUE,TRUE,FALSE,NA,TRUE,FALSE
DRYFLOR_9,Cynophalla flexuosa (L.) J.Presl,-22.783100128174,-53.530300140381,NA,NA,Brazil,NA,NA,"Anaurilândia, floresta semidecidual",NA,NA,NA,NA,NA,Brazil,BR,TRUE,Cynophalla flexuosa,NA,NA,accepted,GBIF:3873525,Cynophalla flexuosa,species,accepted,GBIF:3873525,Plantae,Tracheophyta,Magnoliopsida,Brassicales,Capparaceae,Cynophalla,flexuosa,NA,6370797,6370749,J.Presl (L.),Yerba di Moster,TRUE,TRUE,TRUE,TRUE,TRUE,TRUE,TRUE,TRUE,TRUE,TRUE,TRUE,FALSE,NA,TRUE,FALSE
DRYFLOR_10,Manihot caerulescens Pohl,-10.185799598694,-40.259201049805,NA,NA,Brazil,NA,NA,"Jaguarari, floresta areno-rupícola",NA,NA,NA,NA,NA,Brazil,BR,TRUE,Manihot caerulescens,NA,NA,accepted,GBIF:3060817,Manihot caerulescens,species,accepted,GBIF:3060817,Plantae,Tracheophyta,Magnoliopsida,Malpighiales,Euphorbiaceae,Manihot,caerulescens,NA,3060685,NA,Pohl,manicoba,TRUE,TRUE,TRUE,TRUE,TRUE,TRUE,TRUE,TRUE,TRUE,TRUE,TRUE,FALSE,NA,TRUE,FALSE
DRYFLOR_11,Vitex polygama Cham.,-14.285300254822,-44.111099243164,NA,NA,Brazil,NA,NA,"Juvenília, caatinga arbórea",NA,NA,NA,NA,NA,Brazil,BR,TRUE,Vitex polygama,NA,NA,accepted,GBIF:7309300,Vitex polygama,species,accepted,GBIF:7309300,Plantae,Tracheophyta,Magnoliopsida,Lamiales,Lamiaceae,Vitex,polygama,NA,2925556,NA,Cham.,NA,TRUE,TRUE,TRUE,TRUE,TRUE,TRUE,TRUE,TRUE,TRUE,TRUE,TRUE,FALSE,NA,TRUE,FALSE
DRYFLOR_12,Trichilia pallens C.DC.,-22.807500839233,-51.379199981689,NA,NA,Brazil,NA,NA,"Primeiro de Maio, floresta semidecidual",NA,NA,NA,NA,NA,Brazil,BR,TRUE,Trichilia pallens,NA,NA,accepted,GBIF:3852312,Trichilia pallens,species,accepted,GBIF:3852312,Plantae,Tracheophyta,Magnoliopsida,Sapindales,Meliaceae,Trichilia,pallens,NA,3190490,NA,C.DC.,Baga De Morcego,TRUE,TRUE,TRUE,TRUE,TRUE,TRUE,TRUE,TRUE,TRUE,TRUE,TRUE,FALSE,NA,TRUE,FALSE
DRYFLOR_13,Myrcia tomentosa (Aubl.) DC.,-11.218299865723,-45.402801513672,NA,NA,Brazil,NA,NA,"Formosa do Rio Preto, caatinga arbórea",NA,NA,NA,NA,NA,Brazil,BR,TRUE,Myrcia tomentosa,NA,NA,accepted,GBIF:3174416,Myrcia tomentosa,species,accepted,GBIF:3174416,Plantae,Tracheophyta,Magnoliopsida,Myrtales,Myrtaceae,Myrcia,tomentosa,NA,3173889,5415683,DC. (Aubl.),NA,TRUE,TRUE,TRUE,TRUE,TRUE,TRUE,TRUE,TRUE,TRUE,TRUE,TRUE,FALSE,NA,TRUE,FALSE
DRYFLOR_14,Zanthoxylum riedelianum Engl.,-18.879400253296,-41.479698181152,NA,NA,Brazil,NA,NA,"São Geraldo do Baixio, floresta semidecidual",NA,NA,NA,NA,NA,Brazil,BR,TRUE,Zanthoxylum riedelianum,NA,NA,accepted,GBIF:3834649,Zanthoxylum riedelianum,species,accepted,GBIF:3834649,Plantae,Tracheophyta,Magnoliopsida,Sapindales,Rutaceae,Zanthoxylum,riedelianum,NA,3190076,NA,Engl.,white copal,TRUE,TRUE,TRUE,TRUE,TRUE,TRUE,TRUE,TRUE,TRUE,TRUE,TRUE,FALSE,NA,TRUE,FALSE
DRYFLOR_15,Handroanthus serratifolius (Vahl) S.O.Grose,-17.93390083313,-44.568298339844,NA,NA,Brazil,NA,NA,"Lassance, floresta ripícola",NA,NA,NA,NA,NA,Brazil,BR,TRUE,Handroanthus serratifolius,NA,NA,accepted,GBIF:4092017,Handroanthus serratifolius,species,accepted,GBIF:4092017,Plantae,Tracheophyta,Magnoliopsida,Lamiales,Bignoniaceae,Handroanthus,serratifolius,NA,6401269,3172544,S.O.Grose (Vahl),Yellow Poui (Trinidad & Tobago),TRUE,TRUE,TRUE,TRUE,TRUE,TRUE,TRUE,TRUE,TRUE,TRUE,TRUE,FALSE,NA,TRUE,FALSE
DRYFLOR_16,Croton floribundus Spreng.,-22.500799179077,-46.642799377441,NA,NA,Brazil,NA,NA,"Lindóia, floresta semidecidual",NA,NA,NA,NA,NA,Brazil,BR,TRUE,Croton floribundus,NA,NA,accepted,GBIF:3057803,Croton floribundus,species,accepted,GBIF:3057803,Plantae,Tracheophyta,Magnoliopsida,Malpighiales,Euphorbiaceae,Croton,floribundus,NA,3057454,NA,Spreng.,NA,TRUE,TRUE,TRUE,TRUE,TRUE,TRUE,TRUE,TRUE,TRUE,TRUE,TRUE,FALSE,NA,TRUE,FALSE
DRYFLOR_17,Protium spruceanum (Benth.) Engl.,-21.155300140381,-45.472801208496,NA,NA,Brazil,NA,NA,"Coqueiral, floresta semidecidual",NA,NA,NA,NA,NA,Brazil,BR,TRUE,Protium spruceanum,NA,NA,accepted,GBIF:3993127,Protium spruceanum,species,accepted,GBIF:3993127,Plantae,Tracheophyta,Magnoliopsida,Sapindales,Burseraceae,Protium,spruceanum,NA,7286732,3993804,Engl. (Benth.),Quina,TRUE,TRUE,TRUE,TRUE,TRUE,TRUE,TRUE,TRUE,TRUE,TRUE,TRUE,FALSE,NA,TRUE,FALSE
DRYFLOR_18,Cestrum schlechtendalii G.Don,-14.148300170898,-47.531898498535,NA,NA,Brazil,NA,NA,"Ipameri, cerrado",NA,NA,NA,NA,NA,Brazil,BR,TRUE,Cestrum schlechtendalii,NA,NA,accepted,GBIF:3801334,Cestrum schlechtendalii,species,accepted,GBIF:3801334,Plantae,Tracheophyta,Magnoliopsida,Solanales,Solanaceae,Cestrum,schlechtendalii,NA,2928784,NA,G.Don,peroba dagua,TRUE,TRUE,TRUE,TRUE,TRUE,TRUE,TRUE,TRUE,TRUE,TRUE,TRUE,FALSE,NA,TRUE,FALSE
DRYFLOR_19,Salvertia convallariodora A.St.-Hil.,-5.3179998397827,-41.51900100708,NA,NA,Brazil,NA,NA,"Castelo do Piaui, cerradao mesotrofico",NA,NA,NA,NA,NA,Brazil,BR,TRUE,Salvertia convallariodora,NA,NA,accepted,GBIF:4936059,Salvertia convallariodora,species,accepted,GBIF:4936059,Plantae,Tracheophyta,Magnoliopsida,Myrtales,Vochysiaceae,Salvertia,convallariodora,NA,7288352,NA,A.St.-Hil.,folha larga,TRUE,TRUE,TRUE,TRUE,TRUE,TRUE,TRUE,TRUE,TRUE,TRUE,TRUE,FALSE,NA,TRUE,FALSE
DRYFLOR_20,Machaerium villosum Vogel,-15.964200019836,-47.94580078125,NA,NA,Brazil,NA,NA,"Fazenda Água Limpa, floresta ripícola",NA,NA,NA,NA,NA,Brazil,BR,TRUE,Machaerium villosum,NA,NA,accepted,GBIF:5354918,Machaerium villosum,species,accepted,GBIF:5354918,Plantae,Tracheophyta,Magnoliopsida,Fabales,Fabaceae,Machaerium,villosum,NA,2959589,NA,Vogel,jacaranda preto,TRUE,TRUE,TRUE,TRUE,TRUE,TRUE,TRUE,TRUE,TRUE,TRUE,TRUE,FALSE,NA,TRUE,FALSE
GBIF_1,Iryanthera sagotiana Warb.,-10.8339,-52.8731,1228373235,NA,Brazil,NA,NA,NA,NA,PRESERVED_SPECIMEN,NA,NA,NA,Brazil,BR,TRUE,Iryanthera sagotiana,NA,NA,accepted,GBIF:3743777,Iryanthera sagotiana,species,accepted,GBIF:3743777,Plantae,Tracheophyta,Magnoliopsida,Magnoliales,Myristicaceae,Iryanthera,sagotiana,NA,3743006,5564494,Warb. (Benth.),NA,TRUE,TRUE,TRUE,TRUE,TRUE,TRUE,TRUE,TRUE,TRUE,TRUE,TRUE,FALSE,NA,TRUE,FALSE
GBIF_4,Erythroxylum cuspidifolium Mart.,-13.936944,-39.424444,1944976406,2013-03-28T00:00:00Z,Brazil,Bahia,NA,"Fazenda Paineiras, BR 116, KM 390",NA,PRESERVED_SPECIMEN,Sem Informação,NA,T. Araújo,Brazil,BR,TRUE,Erythroxylum cuspidifolium,NA,NA,accepted,GBIF:3694220,Erythroxylum cuspidifolium,species,accepted,GBIF:3694220,Plantae,Tracheophyta,Magnoliopsida,Malpighiales,Erythroxylaceae,Erythroxylum,cuspidifolium,NA,2873937,NA,Mart.,fruta de pomba,TRUE,TRUE,TRUE,TRUE,TRUE,TRUE,TRUE,TRUE,TRUE,TRUE,TRUE,TRUE,2013,TRUE,TRUE
GBIF_5,Ocotea lanceolata Nees,-13.48333,-41.81667,439130715,1977-02-24T00:00:00Z,Brazil,Bahia,NA,NA,NA,PRESERVED_SPECIMEN,NA,NA,"Harley, R.M.|Santos, T.S.|Pinheiro, R.S.|Mayo, S.J.|Storr, R.M.",Brazil,BR,TRUE,Ocotea lanceolata,NA,NA,heterotypic synonym,NA,NA,NA,NA,NA,NA,NA,NA,NA,NA,NA,NA,NA,NA,NA,NA,NA,TRUE,TRUE,TRUE,TRUE,TRUE,TRUE,TRUE,TRUE,TRUE,TRUE,TRUE,TRUE,1977,TRUE,TRUE
GBIF_9,Croton nepetifolius Baill.,-8.507242,-37.355059,1302836168,NA,Brazil,NA,NA,catimbau,NA,HUMAN_OBSERVATION,NA,NA,NA,Brazil,BR,TRUE,Croton nepetifolius,NA,NA,accepted,GBIF:3058758,Croton nepetifolius,species,accepted,GBIF:3058758,Plantae,Tracheophyta,Magnoliopsida,Malpighiales,Euphorbiaceae,Croton,nepetifolius,NA,3057454,NA,Baill.,velame,TRUE,TRUE,TRUE,TRUE,TRUE,TRUE,TRUE,TRUE,TRUE,TRUE,TRUE,FALSE,NA,TRUE,FALSE
GBIF_11,Dalechampia stipulacea Müll.Arg.,-23.0297,-46.9753,1090557438,1994-11-23T00:00:00Z,Brazil,São Paulo,NA,NA,NA,PRESERVED_SPECIMEN,R.A. Pereira-Silva,NA,S.L. Jung-Mendaçolli; C.A.F. Pinto-Maglio; P.R.P. Andrade & A.M.C. Silva,Brazil,BR,TRUE,Dalechampia stipulacea,NA,NA,accepted,GBIF:3055678,Dalechampia stipulacea,species,accepted,GBIF:3055678,Plantae,Tracheophyta,Magnoliopsida,Malpighiales,Euphorbiaceae,Dalechampia,stipulacea,NA,3055556,NA,Müll.Arg.,NA,TRUE,TRUE,TRUE,TRUE,TRUE,TRUE,FALSE,TRUE,TRUE,TRUE,TRUE,TRUE,1994,TRUE,FALSE
GBIF_14,Hillia parasitica Jacq.,-13.07,-41.37,912236353,2002-02-15T00:00:00Z,Brazil,NA,NA,"Bahia, Mucage: Serra do Gobira. Mata do Grotao no alto do Gobira.",NA,PRESERVED_SPECIMEN,NA,NA,"Harley, R. M. et al.",Brazil,BR,TRUE,Hillia parasitica,NA,NA,accepted,GBIF:5340010,Hillia parasitica,species,accepted,GBIF:5340010,Plantae,Tracheophyta,Magnoliopsida,Gentianales,Rubiaceae,Hillia,parasitica,NA,2916438,NA,Jacq.,White Bell,TRUE,TRUE,TRUE,TRUE,TRUE,TRUE,TRUE,TRUE,TRUE,TRUE,TRUE,TRUE,2002,TRUE,TRUE
GBIF_16,"Chresta pacourinoides (Mart. ex DC.) Loeuille, Siniscalchi & Pirani",-5.640583,-42.608306,1090954960,2000-05-16T00:00:00Z,Brazil,Piauí,NA,Fazenda Saquinho,NA,PRESERVED_SPECIMEN,B. Leonille,NA,R. Barros; R.R. Farias,Brazil,BR,TRUE,Chresta pacourinoides,NA,NA,accepted,GBIF:8282348,Chresta pacourinoides,species,accepted,GBIF:8282348,Plantae,Tracheophyta,Magnoliopsida,Asterales,Asteraceae,Chresta,pacourinoides,NA,3142054,3145360,"Loeuille, Siniscalchi & Pirani (Mart. ex DC.)",NA,TRUE,TRUE,TRUE,TRUE,TRUE,TRUE,TRUE,TRUE,TRUE,TRUE,TRUE,TRUE,2000,TRUE,TRUE
ICMBIO_1,Chamaecrista incana (Vogel) H.S.Irwin & Barneby,-25.3830556,-51.5111111,RB01034852,10/12/2013,Brasil,Paraná,Guarapuava,"Rodovia BR-277, Campo em frente a concessionária Valtra-Shark.",NA,NA,NA,NA,NA,Brazil,BR,TRUE,Chamaecrista incana,NA,NA,accepted,GBIF:2949514,Chamaecrista incana,species,accepted,GBIF:2949514,Plantae,Tracheophyta,Magnoliopsida,Fabales,Fabaceae,Chamaecrista,incana,NA,2949492,5351173,H.S.Irwin & Barneby (Vogel),NA,TRUE,TRUE,TRUE,TRUE,TRUE,TRUE,TRUE,TRUE,TRUE,TRUE,TRUE,TRUE,2013,TRUE,TRUE
ICMBIO_2,Tridax procumbens L.,-12.2630556,-38.0416666,RB01357838,09/03/2016,Brasil,Bahia,Itanagra,Conglomerado BA__E-1-1-HE,NA,NA,NA,NA,NA,Brazil,BR,TRUE,Tridax procumbens,NA,NA,accepted,GBIF:3149462,Tridax procumbens,species,accepted,GBIF:3149462,Plantae,Tracheophyta,Magnoliopsida,Asterales,Asteraceae,Tridax,procumbens,NA,3149429,NA,L.,Yerba de San Juan del monte,TRUE,TRUE,TRUE,TRUE,TRUE,TRUE,TRUE,TRUE,TRUE,TRUE,TRUE,TRUE,2016,TRUE,TRUE
ICMBIO_3,Peperomia tetraphylla (G.Forst.) Hook. & Arn.,-20.9386111,-41.5444444,RB00821048,08/08/2013,Brasil,Espírito Santo,Mimoso do Sul,"Córrego do Jardim. Floresta de Pseudobombax, Nyctaginaceae, bromélias e aráceas, com tapete de musgos, sobre afloramento rochoso.",NA,NA,NA,NA,NA,Brazil,BR,TRUE,Peperomia tetraphylla,NA,NA,accepted,GBIF:3086448,Peperomia tetraphylla,species,accepted,GBIF:3086448,Plantae,Tracheophyta,Magnoliopsida,Piperales,Piperaceae,Peperomia,tetraphylla,NA,3086367,3086450,Hook. & Arn. (G.Forst.),dou ban lu,TRUE,TRUE,TRUE,TRUE,TRUE,TRUE,TRUE,TRUE,TRUE,TRUE,TRUE,TRUE,2013,TRUE,TRUE
ICMBIO_4,Oxalis psoraleoides ssp. insipida (A.St.-Hil.) Lourteig,-9.6783334,-36.9844444,RB00534750,14/11/2000,Brasil,Alagoas,Jaramataia,"Serra das Mãos, próximo à Vila Campestre e ao riacho Ribeira.",NA,NA,NA,NA,NA,Brazil,BR,FALSE,Oxalis psoraleoides insipida,NA,NA,accepted,GBIF:3628345,Oxalis psoraleoides insipida,subspecies,accepted,GBIF:3628345,Plantae,Tracheophyta,Magnoliopsida,Oxalidales,Oxalidaceae,Oxalis,psoraleoides,insipida,7678036,3626367,Lourteig (A.St.-Hil.),velame vultoso,TRUE,TRUE,TRUE,TRUE,TRUE,TRUE,TRUE,TRUE,TRUE,TRUE,TRUE,TRUE,2000,TRUE,FALSE
ICMBIO_5,Xyris mucujensis Kral & L.B.Sm.,-13,-41.4,RB00636898,25/07/1979,Brasil,Bahia,Mucugê,"3km ao S de Mucugê, na estrada para Jussiape.",NA,NA,NA,NA,NA,Brazil,BR,TRUE,Xyris mucujensis,NA,NA,accepted,GBIF:2693196,Xyris mucujensis,species,accepted,GBIF:2693196,Plantae,Tracheophyta,Liliopsida,Poales,Xyridaceae,Xyris,mucujensis,NA,2692599,NA,Kral & L.B.Sm.,NA,FALSE,TRUE,TRUE,TRUE,TRUE,TRUE,TRUE,TRUE,TRUE,TRUE,TRUE,TRUE,1979,TRUE,FALSE
ICMBIO_6,Groenbladia,-15.733889,-47.928611,43135,31/05/2009,Brasil,DF,Brasilia,Parque Nacional De Brasília,NA,NA,NA,NA,NA,Brazil,BR,TRUE,Groenbladia,NA,NA,accepted,GBIF:2648401,Groenbladia,genus,accepted,GBIF:2648401,Plantae,Charophyta,Zygnematophyceae,Zygnematales,Desmidiaceae,Groenbladia,NA,NA,8849,NA,"Teiling, 1952",Groenbladia,TRUE,TRUE,TRUE,TRUE,TRUE,TRUE,FALSE,TRUE,TRUE,TRUE,TRUE,TRUE,2009,TRUE,FALSE
ICMBIO_7,Byrsonima crispa,-16.504,-39.255,604662,14/10/2009,Brasil,BA,NA,Parque Nacional Do Pau Brasil,NA,NA,NA,NA,NA,Brazil,BR,TRUE,Byrsonima crispa,NA,NA,accepted,GBIF:3986307,Byrsonima crispa,species,accepted,GBIF:3986307,Plantae,Tracheophyta,Magnoliopsida,Malpighiales,Malpighiaceae,Byrsonima,crispa,NA,3191347,NA,A.Juss.,murici,TRUE,TRUE,TRUE,TRUE,TRUE,TRUE,TRUE,TRUE,TRUE,TRUE,TRUE,TRUE,2009,TRUE,TRUE
ICMBIO_8,Paspalum multicaule Poir.,-12.9,-51.8666667,RB00525311,26/06/1968,Brasil,Mato Grosso,NA,"Base Camp of the Expedition, ca. 270 km N of Xavantina on the Xavantina - São Félix road.",NA,NA,NA,NA,NA,Brazil,BR,TRUE,Paspalum multicaule,NA,NA,accepted,GBIF:4106884,Paspalum multicaule,species,accepted,GBIF:4106884,Plantae,Tracheophyta,Liliopsida,Poales,Poaceae,Paspalum,multicaule,NA,2705540,NA,Poir.,NA,TRUE,TRUE,TRUE,TRUE,TRUE,TRUE,TRUE,TRUE,TRUE,TRUE,TRUE,TRUE,1968,TRUE,TRUE
ICMBIO_9,Solanum megalochiton Mart.,-19.3513889,-40.5480555,RB00780705,19/04/2013,Brasil,Espírito Santo,Marilândia,"Localidade de Alto Liberdade. Pedra do Cruzeiro, Floresta alterada ao longo da escadaria para o topo do inselbergue.",NA,NA,NA,NA,NA,Brazil,BR,TRUE,Solanum megalochiton,NA,NA,accepted,GBIF:2932021,Solanum megalochiton,species,accepted,GBIF:2932021,Plantae,Tracheophyta,Magnoliopsida,Solanales,Solanaceae,Solanum,megalochiton,NA,2928997,NA,Mart.,NA,TRUE,TRUE,TRUE,TRUE,TRUE,TRUE,TRUE,TRUE,TRUE,TRUE,TRUE,TRUE,2013,TRUE,TRUE
ICMBIO_10,Leiothrix curvifolia (Bong.) Ruhland,-18.9625,-43.7419444,RB00604869,24/11/2009,Brasil,Minas Gerais,Santana de Pirapama,"Serra do Cipó, Capela de São José, Trilha da Senhorinha, caminho a Congonhas do Norte.",NA,NA,NA,NA,NA,Brazil,BR,TRUE,Leiothrix curvifolia,NA,NA,accepted,GBIF:5286550,Leiothrix curvifolia,species,accepted,GBIF:5286550,Plantae,Tracheophyta,Liliopsida,Poales,Eriocaulaceae,Leiothrix,curvifolia,NA,2691180,2691250,Ruhland (Bong.),NA,TRUE,TRUE,TRUE,TRUE,TRUE,TRUE,TRUE,TRUE,TRUE,TRUE,TRUE,TRUE,2009,TRUE,TRUE
ICMBIO_11,Chrysophyllum inornatum Mart.,-27.3344444,-49.9422222,RB01138574,10/11/2008,Brasil,Santa Catarina,Pouso Redondo,Corruchel.,NA,NA,NA,NA,NA,Brazil,BR,TRUE,Chrysophyllum inornatum,NA,NA,accepted,GBIF:2885737,Chrysophyllum inornatum,species,accepted,GBIF:2885737,Plantae,Tracheophyta,Magnoliopsida,Ericales,Sapotaceae,Chrysophyllum,inornatum,NA,2885576,NA,Mart.,murta,TRUE,TRUE,TRUE,TRUE,TRUE,TRUE,TRUE,TRUE,TRUE,TRUE,TRUE,TRUE,2008,TRUE,TRUE
ICMBIO_12,Mimosa paludosa Benth.,-13.6,-41.8333333,RB00164077,27/03/1977,Brasil,Bahia,NA,"Between 2,5 and 5km S. of the Vila do Rio de Contas on side road to W. of the road to livramento, leading to the Rio Brumado.",NA,NA,NA,NA,NA,Brazil,BR,TRUE,Mimosa paludosa,NA,NA,accepted,GBIF:2969575,Mimosa paludosa,species,accepted,GBIF:2969575,Plantae,Tracheophyta,Magnoliopsida,Fabales,Fabaceae,Mimosa,paludosa,NA,2969235,NA,Benth.,NA,TRUE,TRUE,TRUE,TRUE,TRUE,TRUE,TRUE,TRUE,TRUE,TRUE,TRUE,TRUE,1977,TRUE,TRUE
ICMBIO_14,Myrsine umbellata,-22.456917,-44.609611,909060,25/11/2014,Brasil,RJ,NA,Parque Nacional De Itatiaia,NA,NA,NA,NA,NA,Brazil,BR,TRUE,Myrsine umbellata,NA,NA,accepted,GBIF:7422518,Myrsine umbellata,species,accepted,GBIF:7422518,Plantae,Tracheophyta,Magnoliopsida,Ericales,Primulaceae,Myrsine,umbellata,NA,3169412,NA,Mart.,NA,TRUE,TRUE,TRUE,TRUE,TRUE,TRUE,TRUE,TRUE,TRUE,TRUE,TRUE,TRUE,2014,TRUE,TRUE
ICMBIO_15,Swartzia simplex var. continentalis Urb.,-20.2425,-42.0197223,RB00521071,10/12/2007,Brasil,Espírito Santo,Santa Leopoldina,"Cachoeira do Mochafongo, Sítio Mochafongo. Arbusto 5m, tronco castanho-escuro, beira da cachoeira, solo rochoso, local com alta incidência de sol.",NA,NA,NA,NA,NA,Brazil,BR,TRUE,Swartzia simplex continentalis,NA,NA,accepted | replaceSynonym,GBIF:5352053,Swartzia simplex,species,accepted,GBIF:5352047,Plantae,Tracheophyta,Magnoliopsida,Fabales,Fabaceae,Swartzia,simplex,NA,2950920,2951203,Spreng. (Sw.),NA,TRUE,TRUE,TRUE,TRUE,TRUE,TRUE,TRUE,TRUE,TRUE,TRUE,TRUE,TRUE,2007,TRUE,TRUE
ICMBIO_16,Tephrosia,-9.8497222,-52.4047222,RB00622100,11/03/2011,Brasil,Mato Grosso,São José do Xingu,"Fazenda Santa Filipina, a 20-40 km da Faz. Najá, zona de amortecimento do Parque Estadual do Xingu.",NA,NA,NA,NA,NA,Brazil,BR,TRUE,Tephrosia,NA,NA,accepted,GBIF:2933053,Tephrosia,genus,accepted,GBIF:2933053,Plantae,Tracheophyta,Magnoliopsida,Fabales,Fabaceae,Tephrosia,NA,NA,5386,NA,Pers.,hoarypea,TRUE,TRUE,TRUE,TRUE,TRUE,TRUE,TRUE,TRUE,TRUE,TRUE,TRUE,TRUE,2011,TRUE,TRUE
ICMBIO_18,Marcetia latifolia Naudin,-11.6333333,-41.0333333,RB00238744,30/05/1980,Brasil,Piauí,Morro do Chapéu do Piauí,"Rio do Ferro Doido, 19,5 km S.E. of Morro do Chapéu on the BA 052 highway to Mundo Novo, with water-worn.",NA,NA,NA,NA,NA,Brazil,BR,TRUE,Marcetia latifolia,NA,NA,accepted,GBIF:5601599,Marcetia latifolia,species,accepted,GBIF:5601599,Plantae,Tracheophyta,Magnoliopsida,Myrtales,Melastomataceae,Marcetia,latifolia,NA,3231533,NA,Naudin,NA,TRUE,TRUE,TRUE,TRUE,TRUE,TRUE,TRUE,TRUE,TRUE,TRUE,TRUE,TRUE,1980,TRUE,TRUE
ICMBIO_19,Clusia nemorosa G.Mey.,-8.28,-34.9541667,RB00574427,24/08/2007,Brasil,Pernambuco,Cabo de Santo Agostinho,"Itapuama, engenho Camaçari.",NA,NA,NA,NA,NA,Brazil,BR,TRUE,Clusia nemorosa,NA,NA,accepted,GBIF:7330253,Clusia nemorosa,species,accepted,GBIF:7330253,Plantae,Tracheophyta,Magnoliopsida,Malpighiales,Clusiaceae,Clusia,nemorosa,NA,3189424,NA,G.Mey.,orelha de burro,TRUE,TRUE,TRUE,TRUE,TRUE,TRUE,TRUE,TRUE,TRUE,TRUE,TRUE,TRUE,2007,TRUE,TRUE
ICMBIO_20,Bertholletia excelsa,-10.855507,-68.700395,458788,31/03/2013,Brasil,AC,NA,Reserva Extrativista Chico Mendes,NA,NA,NA,NA,NA,Brazil,BR,TRUE,Bertholletia excelsa,NA,NA,accepted,GBIF:3083180,Bertholletia excelsa,species,accepted,GBIF:3083180,Plantae,Tracheophyta,Magnoliopsida,Ericales,Lecythidaceae,Bertholletia,excelsa,NA,3083179,NA,Bonpl.,Turury,TRUE,TRUE,TRUE,TRUE,TRUE,TRUE,TRUE,TRUE,TRUE,TRUE,TRUE,TRUE,2013,TRUE,TRUE
IDIGBIO_5,Coussarea acrensis C.M. Taylor,-10.0666667,-67.5666667,7e4df881-f532-4818-8d26-37984e804c5d,NA,Brazil,Acre,NA,"Senador Guiomard; Fazenda Experimental Catauba, 27km from RIo Branco on road BR-364 to Porto Velho",NA,PreservedSpecimen,"C.M. Taylor, Paratype",NA,Piero G. Delprete|M. Oliveira,Brazil,BR,TRUE,Coussarea acrensis,NA,NA,accepted,GBIF:8740440,Coussarea acrensis,species,accepted,GBIF:8740440,Plantae,Tracheophyta,Magnoliopsida,Gentianales,Rubiaceae,Coussarea,acrensis,NA,2904739,NA,C.M.Taylor,NA,TRUE,TRUE,TRUE,TRUE,TRUE,TRUE,TRUE,TRUE,TRUE,TRUE,TRUE,FALSE,NA,TRUE,FALSE
IDIGBIO_11,Crotalaria,-23.416667,-51.95,01bdd102-de56-4b29-9631-57dbf0eb4df4,NA,Brasil,Paraná,NA,"distrito de Iguatemi, Campus UEM, Fazenda Experime",NA,PreservedSpecimen,NA,NA,G.C.Mantovanelli; F.A.Rios,Brazil,BR,TRUE,Crotalaria,NA,NA,accepted,GBIF:2941719,Crotalaria,genus,accepted,GBIF:2941719,Plantae,Tracheophyta,Magnoliopsida,Fabales,Fabaceae,Crotalaria,NA,NA,5386,NA,L.,sunnhampor,TRUE,TRUE,TRUE,TRUE,TRUE,TRUE,FALSE,TRUE,TRUE,TRUE,TRUE,FALSE,NA,TRUE,FALSE
IDIGBIO_15,Ocotea laxa (Nees) Mez,-25.4769,-48.8342,775655fa-be84-4db2-b9f1-ab1b93afed07,1971-01-19,Brazil,Paraná,Morretes,"Serra Marumbi, picada ao Olimpo",NA,PreservedSpecimen,NA,30514,G. G. Hatschbach,Brazil,BR,TRUE,Ocotea laxa,NA,NA,accepted,GBIF:4179789,Ocotea laxa,species,accepted,GBIF:4179789,Plantae,Tracheophyta,Magnoliopsida,Laurales,Lauraceae,Ocotea,laxa,NA,3034076,4180505,Mez (Nees),NA,TRUE,TRUE,TRUE,TRUE,TRUE,TRUE,TRUE,TRUE,TRUE,TRUE,TRUE,TRUE,1971,TRUE,TRUE
IDIGBIO_16,Solanum paniculatum L.,-11,-42,dcba12d7-0f73-46b1-8edd-21e72c0182e9,1980-04-19,Brazil,Bahia,NA,NA,NA,PreservedSpecimen,RRC ID Flag,NA,R. Harley,Brazil,BR,TRUE,Solanum paniculatum,NA,NA,accepted,GBIF:2932547,Solanum paniculatum,species,accepted,GBIF:2932547,Plantae,Tracheophyta,Magnoliopsida,Solanales,Solanaceae,Solanum,paniculatum,NA,2928997,NA,L.,jurubeba,FALSE,TRUE,TRUE,TRUE,TRUE,TRUE,TRUE,TRUE,TRUE,TRUE,TRUE,TRUE,1980,TRUE,FALSE
IDIGBIO_19,Clidemia epiphytica (Triana) Cogn.,-4.696879,-69.5048332,d41300b6-eb71-4a99-bdfe-717c093616b1,1936-09-11/1936-10-26,Brazil,Amazonas,São Paulo de Olivença,Near Palmares. Basin of Rio Solimoes.,NA,PreservedSpecimen,F. A. Michelangeli,201650,B. A. Krukoff,Brazil,BR,TRUE,Clidemia epiphytica,NA,NA,homotypic synonym,NA,NA,NA,NA,NA,NA,NA,NA,NA,NA,NA,NA,NA,NA,NA,NA,NA,TRUE,TRUE,TRUE,TRUE,TRUE,TRUE,TRUE,TRUE,TRUE,TRUE,TRUE,TRUE,1936,TRUE,TRUE
NEOTROPTREE_1,Amaioua guianensis,-8.72444444444444,-35.1752777777778,AtlPE022,NA,Brasil,NA,NA,"Tamandaré, Saltinho, floresta pluvial",NA,NA,NA,NA,NA,Brazil,BR,TRUE,Amaioua guianensis,NA,NA,accepted,GBIF:2901121,Amaioua guianensis,species,accepted,GBIF:2901121,Plantae,Tracheophyta,Magnoliopsida,Gentianales,Rubiaceae,Amaioua,guianensis,NA,2901120,NA,Aubl.,cedro bravo,TRUE,TRUE,TRUE,TRUE,TRUE,TRUE,TRUE,TRUE,TRUE,TRUE,TRUE,FALSE,NA,TRUE,FALSE
NEOTROPTREE_2,Matayba intermedia,-22.9294444444444,-42.9794444444444,AtlRJ033,NA,Brasil,NA,NA,"Niterói, Serra da Tiririca, floresta pluvial",NA,NA,NA,NA,NA,Brazil,BR,TRUE,Matayba intermedia,NA,NA,accepted,GBIF:3784293,Matayba intermedia,species,accepted,GBIF:3784293,Plantae,Tracheophyta,Magnoliopsida,Sapindales,Sapindaceae,Matayba,intermedia,NA,3190011,NA,Radlk.,mataiba,TRUE,TRUE,TRUE,TRUE,TRUE,TRUE,TRUE,TRUE,TRUE,TRUE,TRUE,FALSE,NA,TRUE,FALSE
NEOTROPTREE_3,Pagamea coriacea,-0.145833333333333,-66.9733333333333,AmzAM103,NA,Brasil,NA,NA,"Itacoatiara-Mirim, nanofloresta de areias brancas",NA,NA,NA,NA,NA,Brazil,BR,TRUE,Pagamea coriacea,NA,NA,accepted,GBIF:2902155,Pagamea coriacea,species,accepted,GBIF:2902155,Plantae,Tracheophyta,Magnoliopsida,Gentianales,Rubiaceae,Pagamea,coriacea,NA,2902141,NA,Spruce ex Benth.,NA,TRUE,TRUE,TRUE,TRUE,TRUE,TRUE,TRUE,TRUE,TRUE,TRUE,TRUE,FALSE,NA,TRUE,FALSE
NEOTROPTREE_4,Senna velutina,-13.405,-55.5744444444444,CerMT027,NA,Brasil,NA,NA,"Lucas do Rio Verde, cerrado",NA,NA,NA,NA,NA,Brazil,BR,TRUE,Senna velutina,NA,NA,accepted,GBIF:2957014,Senna velutina,species,accepted,GBIF:2957014,Plantae,Tracheophyta,Magnoliopsida,Fabales,Fabaceae,Senna,velutina,NA,2956904,5353929,H.S.Irwin & Barneby (Vogel),NA,TRUE,TRUE,TRUE,TRUE,TRUE,TRUE,TRUE,TRUE,TRUE,TRUE,TRUE,FALSE,NA,TRUE,FALSE
NEOTROPTREE_5,Myrsine umbellata,-23.8686111111111,-53.8466666666667,AtlPR129,NA,Brasil,NA,NA,"Altônia, floresta semidecídua",NA,NA,NA,NA,NA,Brazil,BR,TRUE,Myrsine umbellata,NA,NA,accepted,GBIF:7422518,Myrsine umbellata,species,accepted,GBIF:7422518,Plantae,Tracheophyta,Magnoliopsida,Ericales,Primulaceae,Myrsine,umbellata,NA,3169412,NA,Mart.,NA,TRUE,TRUE,TRUE,TRUE,TRUE,TRUE,TRUE,TRUE,TRUE,TRUE,TRUE,FALSE,NA,TRUE,FALSE
NEOTROPTREE_6,Compsoneura ulei,-8.13777777777778,-63.6194444444444,AmzRO032,NA,Brasil,NA,NA,"Porto Velho, Calama, savana arborizada brejosa",NA,NA,NA,NA,NA,Brazil,BR,TRUE,Compsoneura ulei,NA,NA,accepted,GBIF:5564439,Compsoneura ulei,species,accepted,GBIF:5564439,Plantae,Tracheophyta,Magnoliopsida,Magnoliales,Myristicaceae,Compsoneura,ulei,NA,3231414,NA,Warb. ex Pilger,NA,TRUE,TRUE,TRUE,TRUE,TRUE,TRUE,TRUE,TRUE,TRUE,TRUE,TRUE,FALSE,NA,TRUE,FALSE
NEOTROPTREE_7,Cyathea corcovadensis,-23.8136111111111,-45.4675,AtlSP016,NA,Brasil,NA,NA,"São Sebastião, floresta pluvial",NA,NA,NA,NA,NA,Brazil,BR,TRUE,Cyathea corcovadensis,NA,NA,accepted,GBIF:3599017,Cyathea corcovadensis,species,accepted,GBIF:3599017,Plantae,Tracheophyta,Polypodiopsida,Cyatheales,Cyatheaceae,Cyathea,corcovadensis,NA,2650273,5647424,Domin (Raddi),NA,TRUE,TRUE,TRUE,TRUE,TRUE,TRUE,TRUE,TRUE,TRUE,TRUE,TRUE,FALSE,NA,TRUE,FALSE
NEOTROPTREE_8,Myrciaria dubia,-3.28388888888889,-59.4844444444444,AmzAM223,NA,Brasil,NA,NA,"Careiro da Várzea, Paraná do Autaz-Mirim, floresta inundável de água negra",NA,NA,NA,NA,NA,Brazil,BR,TRUE,Myrciaria dubia,NA,NA,accepted,GBIF:10342163,Myrciaria dubia,species,accepted,GBIF:10342163,Plantae,Tracheophyta,Magnoliopsida,Myrtales,Myrtaceae,Myrciaria,dubia,NA,3186407,5419961,Mc Vaugh (Kunth),NA,TRUE,TRUE,TRUE,TRUE,TRUE,TRUE,TRUE,TRUE,TRUE,TRUE,TRUE,FALSE,NA,TRUE,FALSE
NEOTROPTREE_9,Alchornea triplinervia,-24.5705555555556,-48.6163888888889,AtlSP032,NA,Brasil,NA,NA,"Iporanga, floresta pluvial",NA,NA,NA,NA,NA,Brazil,BR,TRUE,Alchornea triplinervia,NA,NA,accepted,GBIF:3055511,Alchornea triplinervia,species,accepted,GBIF:3055511,Plantae,Tracheophyta,Magnoliopsida,Malpighiales,Euphorbiaceae,Alchornea,triplinervia,NA,3055345,3055521,Müll.Arg. (Spreng.),tinteiro,TRUE,TRUE,TRUE,TRUE,TRUE,TRUE,TRUE,TRUE,TRUE,TRUE,TRUE,FALSE,NA,TRUE,FALSE
NEOTROPTREE_10,Dahlstedtia muehlbergiana,-21.07,-47.4361111111111,AtlSP161,NA,Brasil,NA,NA,"Gruta do Itambé, floresta semidecídua",NA,NA,NA,NA,NA,Brazil,BR,TRUE,Dahlstedtia muehlbergiana,NA,NA,accepted,GBIF:8359138,Dahlstedtia muehlbergiana,species,accepted,GBIF:8359138,Plantae,Tracheophyta,Magnoliopsida,Fabales,Fabaceae,Dahlstedtia,muehlbergiana,NA,2960229,2969208,M.J.Silva & A.M.G.Azevedo (Hassl.),tropeiro,TRUE,TRUE,TRUE,TRUE,TRUE,TRUE,TRUE,TRUE,TRUE,TRUE,TRUE,FALSE,NA,TRUE,FALSE
NEOTROPTREE_11,Copaifera coriacea,-10.1322222222222,-44.7119444444444,CerPI033,NA,Brasil,NA,NA,"Parnaguá, cerradão mesotrófico",NA,NA,NA,NA,NA,Brazil,BR,TRUE,Copaifera coriacea,NA,NA,accepted,GBIF:2978146,Copaifera coriacea,species,accepted,GBIF:2978146,Plantae,Tracheophyta,Magnoliopsida,Fabales,Fabaceae,Copaifera,coriacea,NA,2978115,NA,Mart.,sapucaia,TRUE,TRUE,TRUE,TRUE,TRUE,TRUE,TRUE,TRUE,TRUE,TRUE,TRUE,FALSE,NA,TRUE,FALSE
NEOTROPTREE_12,Miconia gratissima,-4.22111111111111,-63.1722222222222,AmzAM163,NA,Brasil,NA,NA,"Coari, floresta pluvial de terra firme",NA,NA,NA,NA,NA,Brazil,BR,TRUE,Miconia gratissima,NA,NA,accepted,GBIF:3865003,Miconia gratissima,species,accepted,GBIF:3865003,Plantae,Tracheophyta,Magnoliopsida,Myrtales,Melastomataceae,Miconia,gratissima,NA,3188558,NA,Benth. ex Triana,NA,TRUE,TRUE,TRUE,TRUE,TRUE,TRUE,TRUE,TRUE,TRUE,TRUE,TRUE,FALSE,NA,TRUE,FALSE
NEOTROPTREE_13,Cabralea canjerana,-17.6558333333333,-46.3122222222222,CerMG068,NA,Brasil,NA,NA,"João Pinheiro, floresta ripícola",NA,NA,NA,NA,NA,Brazil,BR,TRUE,Cabralea canjerana,NA,NA,accepted,GBIF:7271502,Cabralea canjerana,species,accepted,GBIF:7271502,Plantae,Tracheophyta,Magnoliopsida,Sapindales,Meliaceae,Cabralea,canjerana,NA,7271426,9152556,Mart. (Vell.),Rebenta Canralo,TRUE,TRUE,TRUE,TRUE,TRUE,TRUE,TRUE,TRUE,TRUE,TRUE,TRUE,FALSE,NA,TRUE,FALSE
NEOTROPTREE_14,Solanum megalochiton,-14.835,-40.5547222222222,AtlBA099,NA,Brasil,NA,NA,"Barra do Choça, floresta semidecídua",NA,NA,NA,NA,NA,Brazil,BR,TRUE,Solanum megalochiton,NA,NA,accepted,GBIF:2932021,Solanum megalochiton,species,accepted,GBIF:2932021,Plantae,Tracheophyta,Magnoliopsida,Solanales,Solanaceae,Solanum,megalochiton,NA,2928997,NA,Mart.,NA,TRUE,TRUE,TRUE,TRUE,TRUE,TRUE,TRUE,TRUE,TRUE,TRUE,TRUE,FALSE,NA,TRUE,FALSE
NEOTROPTREE_15,Machaerium acutifolium,-19.2183333333333,-49.1463888888889,CerMG240,NA,Brasil,NA,NA,"Prata, cerrado",NA,NA,NA,NA,NA,Brazil,BR,TRUE,Machaerium acutifolium,NA,NA,accepted,GBIF:5354997,Machaerium acutifolium,species,accepted,GBIF:5354997,Plantae,Tracheophyta,Magnoliopsida,Fabales,Fabaceae,Machaerium,acutifolium,NA,2959589,NA,Vogel,Sebastiao de arruda,TRUE,TRUE,TRUE,TRUE,TRUE,TRUE,TRUE,TRUE,TRUE,TRUE,TRUE,FALSE,NA,TRUE,FALSE
NEOTROPTREE_16,Agonandra brasiliensis,-20.1538888888889,-54.5611111111111,CerMS034,NA,Brasil,NA,NA,"Jaraguari, cerradão mesotrófico",NA,NA,NA,NA,NA,Brazil,BR,TRUE,Agonandra brasiliensis,NA,NA,accepted,GBIF:7321376,Agonandra brasiliensis,species,accepted,GBIF:7321376,Plantae,Tracheophyta,Magnoliopsida,Santalales,Opiliaceae,Agonandra,brasiliensis,NA,8219051,NA,Benth. & Hook.f.,quina doce,TRUE,TRUE,TRUE,TRUE,TRUE,TRUE,TRUE,TRUE,TRUE,TRUE,TRUE,FALSE,NA,TRUE,FALSE
NEOTROPTREE_17,Iriartea deltoidea,-2.82833333333333,-67.7961111111111,AmzAM285,NA,Brasil,NA,NA,"Tonantins, floresta pluvial de terra firme",NA,NA,NA,NA,NA,Brazil,BR,TRUE,Iriartea deltoidea,NA,NA,accepted,GBIF:2739059,Iriartea deltoidea,species,accepted,GBIF:2739059,Plantae,Tracheophyta,Liliopsida,Arecales,Arecaceae,Iriartea,deltoidea,NA,2739058,NA,Ruiz & Pav.,stottpalm,TRUE,TRUE,TRUE,TRUE,TRUE,TRUE,TRUE,TRUE,TRUE,TRUE,TRUE,FALSE,NA,TRUE,FALSE
NEOTROPTREE_18,Cordia trichotoma,-17.0736111111111,-43.7672222222222,CerMG114,NA,Brasil,NA,NA,"Bocaiúva, floresta decídua",NA,NA,NA,NA,NA,Brazil,BR,TRUE,Cordia trichotoma,NA,NA,accepted,GBIF:7294667,Cordia trichotoma,species,accepted,GBIF:7294667,Plantae,Tracheophyta,Magnoliopsida,Boraginales,Cordiaceae,Cordia,trichotoma,NA,2900865,4058152,Arráb. ex Steud. (Vell.),louro pardo,TRUE,TRUE,TRUE,TRUE,TRUE,TRUE,TRUE,TRUE,TRUE,TRUE,TRUE,FALSE,NA,TRUE,FALSE
NEOTROPTREE_19,Nectandra amazonum,-3.13305555555556,-60.8969444444444,AmzAM220,NA,Brasil,NA,NA,"Lago Manacapuru, floresta inundável de água negra",NA,NA,NA,NA,NA,Brazil,BR,TRUE,Nectandra amazonum,NA,NA,accepted,GBIF:7304432,Nectandra amazonum,species,accepted,GBIF:7304432,Plantae,Tracheophyta,Magnoliopsida,Laurales,Lauraceae,Nectandra,amazonum,NA,3034018,NA,Nees,louro do igapo,TRUE,TRUE,TRUE,TRUE,TRUE,TRUE,TRUE,TRUE,TRUE,TRUE,TRUE,FALSE,NA,TRUE,FALSE
NEOTROPTREE_20,Byrsonima blanchetiana,-10.1394444444444,-39.83,CaaBA019,NA,Brasil,NA,NA,"Andorinha, caatinga quartzítica",NA,NA,NA,NA,NA,Brazil,BR,TRUE,Byrsonima blanchetiana,NA,NA,accepted,GBIF:7284991,Byrsonima blanchetiana,species,accepted,GBIF:7284991,Plantae,Tracheophyta,Magnoliopsida,Malpighiales,Malpighiaceae,Byrsonima,blanchetiana,NA,3191347,NA,Miq.,NA,TRUE,TRUE,TRUE,TRUE,TRUE,TRUE,TRUE,TRUE,TRUE,TRUE,TRUE,FALSE,NA,TRUE,FALSE
SIBBR_10,Plantae,-23.213774,-46.361428,ad73d33b-4f47-445a-bc84-bcc8397552d6,2013,Brazil,NA,NA,NA,NA,HumanObservation,NA,NA,NA,Brazil,BR,TRUE,Plantae,NA,NA,accepted,GBIF:6,Plantae,kingdom,accepted,GBIF:6,Plantae,NA,NA,NA,NA,NA,NA,NA,NA,NA,NA,植物界,TRUE,TRUE,TRUE,TRUE,TRUE,TRUE,TRUE,TRUE,TRUE,TRUE,TRUE,TRUE,2013,TRUE,TRUE
SIBBR_12,Matayba elaeagnoides,-24.10056,-50.70694,587d1247-b4e8-4a13-b121-6717f7f86273,2011,Brazil,NA,NA,H|_x0005_,NA,PreservedSpecimen,"Bonaldi, R.A.",NA,NA,Brazil,BR,TRUE,Matayba elaeagnoides,NA,NA,accepted,GBIF:3784375,Matayba elaeagnoides,species,accepted,GBIF:3784375,Plantae,Tracheophyta,Magnoliopsida,Sapindales,Sapindaceae,Matayba,elaeagnoides,NA,3190011,NA,Radlk.,pau de pombo,TRUE,TRUE,TRUE,TRUE,TRUE,TRUE,TRUE,TRUE,TRUE,TRUE,TRUE,TRUE,2011,TRUE,TRUE
SIBBR_16,Conocliniopsis prasiifolia,-8.631128,-41.057183,066c5217-6e3b-4769-a1c4-eae3e7409798,NA,Brazil,NA,NA,NA,NA,NA,Rita Pereira,NA,NA,Brazil,BR,TRUE,Conocliniopsis prasiifolia,NA,NA,accepted,GBIF:3098250,Conocliniopsis prasiifolia,species,accepted,GBIF:3098250,Plantae,Tracheophyta,Magnoliopsida,Asterales,Asteraceae,Conocliniopsis,prasiifolia,NA,3098249,3094791,R.King & H.Rob. (DC.),NA,TRUE,TRUE,TRUE,TRUE,TRUE,TRUE,TRUE,TRUE,TRUE,TRUE,TRUE,FALSE,NA,TRUE,FALSE
SPECIESLINK_1,Randia armata,-19.696944,-39.931944,46966,NA,Brasil,Espírito Santo,NA,"Reserva de Comboios, próximo à reserva indígena. Ponto de amostragem 8.",NA,S,NA,NA,"Firmino, A.D.; Valadares, R.T.",Brazil,BR,TRUE,Randia armata,NA,NA,accepted,GBIF:5339445,Randia armata,species,accepted,GBIF:5339445,Plantae,Tracheophyta,Magnoliopsida,Gentianales,Rubiaceae,Randia,armata,NA,2911655,5339411,DC. (Sw.),esporao de galo,TRUE,TRUE,TRUE,TRUE,TRUE,TRUE,TRUE,TRUE,TRUE,TRUE,TRUE,FALSE,NA,TRUE,FALSE
SPECIESLINK_4,Baccharis polyphylla,-13.55,-41.95,2851678,NA,Brazil,Bahia,NA,Brazil: Estado da Bahia. Serra das Almas. Middle and upper N.E. slopes of the Pico das Almas ca. 25km. W.N.W. of the Vila do Rio de Contas,NA,PreservedSpecimen,NA,NA,"R. M. Harley, S. Mayo, R. M. Storr, T. S. Santos & R. S. Pinheiro",Brazil,BR,TRUE,Baccharis polyphylla,NA,NA,accepted,GBIF:8127527,Baccharis polyphylla,species,accepted,GBIF:8127527,Plantae,Tracheophyta,Magnoliopsida,Asterales,Asteraceae,Baccharis,polyphylla,NA,3129135,NA,Gardner,NA,TRUE,TRUE,TRUE,TRUE,TRUE,TRUE,TRUE,TRUE,TRUE,TRUE,TRUE,FALSE,NA,TRUE,FALSE
SPECIESLINK_5,Undesignated undesignated,-15.26472,-40.57472,3395923,NA,Brazil,Bahia,NA,"""Itambé: 37.5 west of itapetinga on BR 415 to Itambé. Semi-deciduous \""vine\"" forst (Mata de Cipó) with arborescent cacti.""",NA,PreservedSpecimen,NA,NA,Thomas,Brazil,BR,TRUE,Undesignated undesignated,NA,NA,notFound,NA,NA,NA,NA,NA,NA,NA,NA,NA,NA,NA,NA,NA,NA,NA,NA,NA,TRUE,TRUE,TRUE,TRUE,TRUE,TRUE,TRUE,TRUE,TRUE,TRUE,TRUE,FALSE,NA,TRUE,FALSE
SPECIESLINK_9,Sematophyllum galipense,-13.279722,-41.903889,84295,NA,Brasil,Bahia,NA,Serra do Barbado. Catolés,NA,PreservedSpecimen,NA,NA,"Bastos, C",Brazil,BR,TRUE,Sematophyllum galipense,NA,NA,accepted,GBIF:2680652,Sematophyllum galipense,species,accepted,GBIF:2680652,Plantae,Bryophyta,Bryopsida,Hypnales,Sematophyllaceae,Sematophyllum,galipense,NA,2680613,NA,"Mitten, 1869",NA,TRUE,TRUE,TRUE,TRUE,TRUE,TRUE,TRUE,TRUE,TRUE,TRUE,TRUE,FALSE,NA,TRUE,FALSE
SPECIESLINK_10,Parthenium hysterophorus,-21.7944,-48.1756,20032,NA,Brasil,São Paulo,NA,NA,NA,S,NA,NA,H.F. Leitão Filho & C. Aranha,Brazil,BR,TRUE,Parthenium hysterophorus,NA,NA,accepted,GBIF:3086784,Parthenium hysterophorus,species,accepted,GBIF:3086784,Plantae,Tracheophyta,Magnoliopsida,Asterales,Asteraceae,Parthenium,hysterophorus,NA,3086782,NA,L.,돼지풀아재비,TRUE,TRUE,TRUE,TRUE,TRUE,TRUE,FALSE,TRUE,TRUE,TRUE,TRUE,FALSE,NA,TRUE,FALSE
SPECIESLINK_12,Jacaranda simplicifolia,-13.9584,-47.3578,748798,NA,Brazil,Goiás,NA,"Chapada dos Veadeiros, ca. 25 km by road N of Alto Paraíso",NA,PreservedSpecimen,NA,NA,W. R. Anderson,Brazil,BR,TRUE,Jacaranda simplicifolia,NA,NA,accepted,GBIF:4093095,Jacaranda simplicifolia,species,accepted,GBIF:4093095,Plantae,Tracheophyta,Magnoliopsida,Lamiales,Bignoniaceae,Jacaranda,simplicifolia,NA,3172498,NA,K.Schum. ex Bureau & K.Schum.,NA,TRUE,TRUE,TRUE,TRUE,TRUE,TRUE,TRUE,TRUE,TRUE,TRUE,TRUE,FALSE,NA,TRUE,FALSE
SPECIESLINK_13,Chamaesyce,-14.4525,-43.7533333,1195853,NA,Brazil,Bahia,NA,"Rod. para o Distr. de Cana Brava, 18 km S da sede municipal, 1.6 km do povoado de Serra de João Alves.",NA,PreservedSpecimen,NA,NA,J. G. Jardim,Brazil,BR,TRUE,Chamaesyce,NA,NA,accepted,GBIF:8120305,Chamaesyce,genus,accepted,GBIF:8120305,Plantae,Tracheophyta,Magnoliopsida,Malpighiales,Euphorbiaceae,Chamaesyce,NA,NA,4691,NA,"Rafinesque, 1817",NA,TRUE,TRUE,TRUE,TRUE,TRUE,TRUE,TRUE,TRUE,TRUE,TRUE,TRUE,FALSE,NA,TRUE,FALSE
SPECIESLINK_19,Justicia brasiliana,-26.361184,-49.273742,468,NA,Brasil,Santa Catarina,NA,"Rio Natal - Beira de estrada, sentido Corupá",NA,MachineObservation,NA,NA,"Schwirkowski, P.",Brazil,BR,TRUE,Justicia brasiliana,NA,NA,accepted,GBIF:3771127,Justicia brasiliana,species,accepted,GBIF:3771127,Plantae,Tracheophyta,Magnoliopsida,Lamiales,Acanthaceae,Justicia,brasiliana,NA,2904597,NA,Roth,junta de cobra vermelha,TRUE,TRUE,TRUE,TRUE,TRUE,TRUE,TRUE,TRUE,TRUE,TRUE,TRUE,FALSE,NA,TRUE,FALSE
